代码,现价,涨跌幅,涨停,成交额,换手率,振幅,最高,最低,今开,昨收,量比,近5日涨幅,近20日最高,近10日最高,近150日最高,涨停价,近10日涨停,前日涨停,首板涨停,连板天数,一字板涨停
000032,17.815,2.89,0,512882120.8333332,0.0,4.39,18.155,17.395,17.395,17.315,1.0,-0.45,19.2,19.02,24.16,19.05,0,0,0,0,0
000063,38.25,4.22,0,8292822906.666668,0.0,4.5,39.1,37.45,37.51,36.7,1.0,5.14,37.78,37.78,47.77,40.37,0,0,0,0,0
000301,13.35,0.6,0,445178755.6666667,0.0,2.26,13.43,13.13,13.29,13.27,1.0,7.23,13.48,13.48,14.7,14.6,0,0,0,0,0
000066,21.8,9.99,1,847300600.0,0.0,0.0,21.8,21.8,21.8,19.82,1.0,32.52,19.82,19.82,19.82,21.8,1,1,0,2,1
000027,7.04,2.92,0,361012416.0,0.0,3.51,7.04,6.8,6.88,6.84,1.0,1.59,7.1,7.1,8.48,7.52,0,0,0,0,0
000060,7.43,10.07,1,1947925400.0,0.0,10.07,7.43,6.75,6.78,6.75,1.0,14.48,6.97,6.97,9.22,7.43,0,0,1,1,0
000021,30.5,5.17,0,3851339006.666667,0.0,4.07,31.16,29.98,29.98,29.0,1.0,6.53,29.66,29.66,35.75,31.9,0,0,0,0,0
000009,8.74,1.04,0,374102600.6666667,0.0,2.54,8.83,8.61,8.65,8.65,1.0,-1.8,9.32,9.32,11.9,9.52,0,0,0,0,0
000408,90.18,1.03,0,1410197150.6666665,0.0,3.55,90.5,87.33,89.89,89.26,1.0,-0.08,92.4,92.4,95.78,98.19,0,0,0,0,0
000338,34.32,10.0,1,4210388206.666667,0.0,0.99,34.32,34.01,34.18,31.2,1.0,15.99,32.66,32.66,32.66,34.32,0,0,1,1,1
000534,40.8,3.21,0,1089850351.0,0.0,7.01,41.4,38.63,39.58,39.53,1.0,-7.19,46.6,46.3,49.14,43.48,0,0,0,0,0
000533,13.34,5.62,0,888670997.0000001,0.0,5.3,13.4,12.73,12.8,12.63,1.0,0.38,16.78,16.78,21.84,13.89,0,0,0,0,0
000510,15.45,9.26,0,922556719.9999999,0.0,10.82,15.52,13.99,14.11,14.14,1.0,12.36,15.85,15.44,23.5,15.55,0,0,0,0,0
000426,45.18,6.61,0,3946555210.0,0.0,6.28,45.69,43.03,43.18,42.38,1.0,11.45,46.63,46.63,74.8,46.62,0,0,0,0,0
000539,7.03,7.66,0,1268872620.0,0.0,7.66,7.16,6.66,6.74,6.53,1.0,7.16,7.49,7.49,8.14,7.18,1,0,0,0,0
000070,18.28,1.11,0,1551770352.0,0.0,2.99,18.74,18.2,18.45,18.08,1.0,-8.46,22.5,22.5,22.5,19.89,0,0,0,0,0
000333,80.44,-0.81,0,2888998564.3333335,0.0,2.13,80.88,79.15,79.7,81.1,1.0,0.98,82.15,82.15,83.17,89.21,0,0,0,0,0
000155,17.85,2.47,0,2300072448.0,0.0,7.52,17.97,16.66,17.5,17.42,1.0,1.13,19.34,19.34,19.34,19.16,0,0,0,0,0
000547,24.95,1.51,0,2622092148.666667,0.0,3.09,25.34,24.58,24.58,24.58,1.0,-5.13,29.5,29.5,40.65,27.04,0,0,0,0,0
000603,37.67,3.6,0,907215525.3333334,0.0,4.32,37.83,36.26,36.73,36.36,1.0,0.21,42.37,42.17,73.47,40.0,0,0,0,0,0
000636,24.81,-1.12,0,2161105136.6666665,0.0,3.47,25.58,24.71,25.5,25.09,1.0,9.15,25.88,25.88,27.5,27.6,0,0,0,0,0
000551,16.42,0.86,0,731866457.3333333,0.0,2.27,16.64,16.27,16.35,16.28,1.0,12.16,16.61,16.61,18.35,17.91,1,0,0,0,0
000570,6.518,1.88,0,146754175.2,0.0,3.13,6.528,6.328,6.458,6.398,1.0,-2.4,6.93,6.93,6.93,7.04,0,0,0,0,0
000630,6.45,5.74,0,2722831448.6666665,0.0,5.9,6.46,6.1,6.15,6.1,1.0,3.37,6.62,6.62,9.14,6.71,0,0,0,0,0
000665,4.87,1.67,0,117498793.66666666,0.0,2.09,4.9,4.8,4.8,4.79,1.0,4.96,4.99,4.99,7.21,5.27,0,0,0,0,0
000657,61.99,6.53,0,8622581266.666666,0.0,12.29,62.83,55.68,58.47,58.19,1.0,12.34,60.75,60.75,71.5,64.01,1,0,0,0,0
000678,11.8,1.37,0,99811657.33333334,0.0,1.72,11.83,11.63,11.64,11.64,1.0,0.51,14.44,12.62,16.74,12.8,0,0,0,0,0
000733,43.5,2.09,0,771727440.0,0.0,2.56,44.24,43.15,43.15,42.61,1.0,-7.09,48.17,48.17,59.87,46.87,0,0,0,0,0
000695,15.89,2.52,0,226292885.0,0.0,4.0,15.92,15.3,15.51,15.5,1.0,8.32,15.96,15.96,19.25,17.05,0,0,0,0,0
000725,4.124,2.49,0,3401030132.333333,0.0,3.23,4.164,4.034,4.054,4.024,1.0,1.23,4.28,4.28,4.67,4.43,0,0,0,0,0
000758,7.27,3.71,0,435092138.33333325,0.0,3.99,7.31,7.03,7.03,7.01,1.0,5.06,7.25,7.25,9.53,7.71,0,0,0,0,0
000751,6.34,3.93,0,824482758.3333334,0.0,5.74,6.34,5.99,6.12,6.1,1.0,-2.91,6.83,6.83,7.81,6.71,1,0,0,0,0
000737,14.88,3.77,0,957490368.0,0.0,3.63,14.9,14.38,14.5,14.34,1.0,7.9,14.75,14.75,21.5,15.77,0,0,0,0,0
000779,8.96,1.13,0,65752566.666666664,0.0,2.26,9.07,8.87,8.88,8.86,1.0,7.18,9.05,8.96,10.96,9.75,0,0,0,0,0
000762,39.6,2.33,0,2136077422.9999998,0.0,5.92,40.19,37.9,39.0,38.7,1.0,2.86,39.87,39.87,39.87,42.57,0,0,0,0,0
000790,4.48,-1.97,0,399855866.6666666,0.0,4.16,4.57,4.38,4.57,4.57,1.0,15.17,4.57,4.57,4.79,5.03,1,1,0,0,0
000688,50.79,-1.34,0,1124080783.6666665,0.0,5.13,52.66,50.02,51.5,51.48,1.0,24.36,52.73,52.73,52.73,56.63,1,0,0,0,0
000792,40.4,2.83,0,6246747863.333333,0.0,4.81,40.5,38.61,40.07,39.29,1.0,7.96,41.6,41.6,41.6,43.22,0,0,0,0,0
000811,27.04,8.38,0,1453019646.0,0.0,9.02,27.45,25.2,25.45,24.95,1.0,21.69,25.4,25.4,25.4,27.45,1,0,0,0,0
000807,32.281,2.74,0,2282060787.6,0.0,3.47,32.401,31.311,32.071,31.421,1.0,-4.47,36.45,36.45,37.85,34.56,0,0,0,0,0
000818,16.85,9.99,1,880121060.0,0.0,7.83,16.85,15.65,15.65,15.32,1.0,15.73,21.15,16.41,25.9,16.85,1,0,1,1,0
000833,29.82,-5.45,0,2784688016.666667,0.0,5.52,31.21,29.47,31.07,31.54,1.0,16.44,31.54,31.54,31.54,34.69,1,1,0,0,0
000837,11.15,0.36,0,181837254.6666667,0.0,1.35,11.23,11.08,11.15,11.11,1.0,4.11,11.2,11.2,13.7,12.22,0,0,0,0,0
000878,19.76,4.72,0,1434465032.0000002,0.0,4.61,19.87,19.0,19.17,18.87,1.0,1.96,19.92,19.89,29.24,20.76,0,0,0,0,0
000685,11.84,0.94,0,248793003.00000003,0.0,1.62,11.89,11.7,11.74,11.73,1.0,2.51,12.23,12.23,13.74,12.9,0,0,0,0,0
000823,15.54,5.86,0,427112200.66666657,0.0,5.65,15.78,14.95,14.95,14.68,1.0,0.45,16.55,16.55,16.6,16.15,0,0,0,0,0
000887,17.61,2.09,0,446875363.33333325,0.0,2.03,17.84,17.49,17.55,17.25,1.0,-1.89,18.9,18.9,24.1,18.98,0,0,0,0,0
000901,24.2,0.83,0,1461126873.3333333,0.0,2.83,24.46,23.78,24.08,24.0,1.0,8.57,24.26,24.26,35.4,26.4,1,0,0,0,0
000938,31.785,-0.44,0,7861999299.166664,0.0,3.95,32.995,31.735,32.405,31.925,1.0,1.7,33.55,33.55,33.55,35.12,0,0,0,0,0
000960,38.46,7.4,0,3806842368.0,0.0,7.99,38.68,35.82,36.01,35.81,1.0,3.61,41.03,41.03,48.55,39.39,0,0,0,0,0
000923,16.79,3.64,0,443634048.00000006,0.0,5.49,17.01,16.12,16.37,16.2,1.0,-6.1,19.02,18.85,26.38,17.82,0,0,0,0,0
000933,31.896,1.79,0,1493969314.1333332,0.0,2.62,32.056,31.236,31.756,31.336,1.0,-0.47,34.68,34.09,38.69,34.47,0,0,0,0,0
000973,21.238,1.24,0,1956349259.6000001,0.0,3.81,21.448,20.648,21.048,20.978,1.0,11.91,22.24,22.24,22.24,23.08,1,0,0,0,0
000975,27.58,5.87,0,1477600802.0,0.0,5.57,27.7,26.25,26.25,26.05,1.0,-0.54,31.81,30.53,41.81,28.66,0,0,0,0,0
000988,124.942,4.75,0,13630567252.000002,0.0,6.52,129.192,121.412,122.762,119.282,1.0,8.58,124.95,123.25,141.16,131.21,0,0,0,0,0
000983,7.31,4.13,0,1069332665.3333334,0.0,4.7,7.33,7.0,7.03,7.02,1.0,13.33,7.07,7.07,7.7,7.72,0,0,0,0,0
001203,53.3,1.89,0,1823243175.0,0.0,4.49,53.5,51.15,52.4,52.31,1.0,12.42,54.65,54.65,54.65,57.54,1,0,0,0,0
001212,55.45,-0.57,0,369154566.3333334,0.0,3.37,56.68,54.8,56.66,55.77,1.0,11.68,56.26,56.26,58.25,61.35,0,0,0,0,0
000967,14.93,10.02,1,4241149246.0,0.0,7.96,14.93,13.85,14.3,13.57,1.0,15.29,14.81,14.81,14.81,14.93,1,0,1,1,0
001270,145.4,3.75,0,1211562212.6666667,0.0,3.03,147.17,142.92,144.8,140.15,1.0,-5.46,160.78,160.78,167.17,154.17,0,0,0,0,0
001223,39.132,-1.3,0,53164167.599999994,0.0,4.43,40.489,38.732,40.089,39.646,1.0,-5.55,43.35,43.35,45.2,43.61,0,0,0,0,0
001301,86.9,1.46,0,566128560.0,0.0,4.06,87.49,84.01,85.68,85.65,1.0,12.51,86.2,86.2,109.7,94.22,0,0,0,0,0
001306,71.45,2.61,0,81076385.66666669,0.0,4.08,72.44,69.6,70.0,69.63,1.0,5.04,71.18,71.18,93.48,76.59,0,0,0,0,0
001359,90.54,3.18,0,240260660.0,0.0,6.43,90.88,85.24,87.77,87.75,1.0,10.28,88.88,88.88,88.88,96.53,0,0,0,0,0
002004,4.641,-1.69,0,214630254.4666667,0.0,2.54,4.681,4.561,4.641,4.721,1.0,-6.45,5.25,5.25,5.83,5.19,0,0,0,0,0
001379,22.35,2.19,0,101863061.99999999,0.0,5.49,22.99,21.79,21.8,21.87,1.0,8.6,21.97,21.97,26.75,24.06,0,0,0,0,0
001389,179.58,10.0,1,1939619740.666667,0.0,6.17,179.58,169.51,169.51,163.25,1.0,5.26,185.22,185.22,185.22,179.58,1,0,1,1,0
002009,23.71,2.11,0,386818149.3333333,0.0,2.45,23.87,23.3,23.43,23.22,1.0,-0.42,25.63,25.35,38.0,25.54,0,0,0,0,0
002006,18.09,1.57,0,214421649.99999994,0.0,1.63,18.25,17.96,17.96,17.81,1.0,4.57,18.35,18.33,25.05,19.59,0,0,0,0,0
002028,206.0,5.64,0,3179848258.0,0.0,6.7,211.16,198.1,198.9,195.0,1.0,-7.26,232.28,232.28,239.12,214.5,0,0,0,0,0
001339,94.2,4.84,0,1354889529.3333335,0.0,5.58,95.81,90.8,91.22,89.85,1.0,16.67,93.0,93.0,93.0,98.84,1,0,0,0,0
002031,5.84,2.28,0,303446775.0,0.0,2.63,5.88,5.73,5.75,5.71,1.0,0.69,6.31,6.24,8.82,6.28,0,0,0,0,0
002025,76.4,4.39,0,2812484640.0,0.0,4.91,77.59,74.0,75.0,73.19,1.0,-0.53,83.63,83.63,83.63,80.51,0,0,0,0,0
002049,79.05,2.24,0,4120574948.333334,0.0,3.7,81.76,78.9,78.91,77.32,1.0,11.18,77.68,77.68,91.99,85.05,0,0,0,0,0
002046,55.694,7.08,0,1363010536.8000002,0.0,9.67,57.234,52.204,52.534,52.014,1.0,7.55,55.07,55.07,55.32,57.22,0,0,0,0,0
002029,11.29,1.53,0,173077882.99999997,0.0,2.7,11.35,11.05,11.22,11.12,1.0,11.56,11.56,11.56,14.85,12.23,1,0,0,0,0
002068,9.57,0.63,0,230983133.33333334,0.0,2.63,9.64,9.39,9.6,9.51,1.0,10.64,9.6,9.6,11.5,10.46,0,0,0,0,0
002042,5.079,3.25,0,413241982.2,0.0,3.86,5.099,4.909,4.959,4.919,1.0,0.79,5.14,5.14,5.14,5.41,0,0,0,0,0
002050,48.16,2.64,0,7598615210.666667,0.0,4.26,48.6,46.6,46.92,46.92,1.0,7.17,47.37,47.37,60.77,51.61,0,0,0,0,0
002079,11.94,2.05,0,948788519.0,0.0,2.82,12.08,11.75,11.82,11.7,1.0,11.8,11.91,11.91,12.3,12.87,1,0,0,0,0
002081,6.36,10.23,1,1687894309.3333335,0.0,5.89,6.36,6.02,6.15,5.77,1.0,33.61,5.77,5.77,5.77,6.35,1,1,0,4,0
001257,24.71,9.72,1,968980800.0,0.0,9.99,24.77,22.52,22.59,22.52,1.0,9.09,25.56,25.29,30.0,24.77,0,0,1,1,0
002083,11.133,1.09,0,440351651.9999999,0.0,2.81,11.183,10.873,11.023,11.013,1.0,0.72,14.24,12.1,14.46,12.11,0,0,0,0,0
002077,17.04,3.21,0,742025363.3333335,0.0,2.48,17.21,16.8,16.82,16.51,1.0,8.88,16.77,16.57,20.39,18.16,0,0,0,0,0
002091,8.86,2.43,0,442829580.0,0.0,4.39,8.87,8.49,8.67,8.65,1.0,-4.73,9.69,9.69,10.63,9.52,0,0,0,0,0
002074,38.56,4.95,0,2512285518.0,0.0,6.56,39.39,36.98,37.23,36.74,1.0,-3.31,41.49,41.49,45.07,40.41,0,0,0,0,0
002108,5.75,2.31,0,576832281.6666666,0.0,2.85,5.76,5.6,5.7,5.62,1.0,-0.86,6.23,6.23,6.23,6.18,1,0,0,0,0
002106,10.55,1.64,0,118182240.00000001,0.0,2.02,10.67,10.46,10.46,10.38,1.0,2.03,11.28,11.28,12.83,11.42,0,0,0,0,0
002112,20.91,3.82,0,450527887.3333333,0.0,2.73,20.95,20.4,20.54,20.14,1.0,4.45,22.51,22.21,28.55,22.15,0,0,0,0,0
002080,60.256,10.08,1,2672050102.4,0.0,8.18,60.256,55.776,55.776,54.736,1.0,15.69,57.15,57.15,57.15,60.21,0,0,1,1,0
002115,14.93,3.61,0,2109722215.6666665,0.0,4.3,15.05,14.43,14.53,14.41,1.0,23.18,15.3,15.3,21.0,15.85,1,0,0,0,0
002125,15.485,2.18,0,593701769.1666667,0.0,2.97,15.535,15.085,15.205,15.155,1.0,10.02,15.52,15.52,16.68,16.67,0,0,0,0,0
002139,10.811,1.6,0,210305304.9,0.0,1.79,10.901,10.711,10.711,10.641,1.0,-8.62,12.48,12.46,14.58,11.71,0,0,0,0,0
002150,29.05,0.31,0,385401753.33333325,0.0,2.52,29.14,28.41,28.81,28.96,1.0,-0.03,34.78,32.1,39.41,31.86,0,0,0,0,0
002155,29.96,4.14,0,1882457583.9999995,0.0,5.28,30.16,28.64,28.76,28.77,1.0,2.57,31.77,31.2,43.37,31.65,0,0,0,0,0
002167,13.35,3.41,0,409813800.00000006,0.0,3.49,13.35,12.9,12.96,12.91,1.0,2.61,13.41,13.41,16.6,14.2,0,0,0,0,0
002126,48.252,5.12,0,1339072152.0000002,0.0,5.05,49.682,47.362,47.362,45.902,1.0,3.47,51.13,51.01,55.71,50.49,0,0,0,0,0
002156,56.869,10.02,1,2557732388.166667,0.0,0.02,56.869,56.859,56.869,51.689,1.0,17.65,52.81,52.81,59.12,56.86,0,0,1,1,1
002185,13.598,3.9,0,3856921443.9333334,0.0,3.67,14.038,13.558,13.658,13.088,1.0,9.41,13.14,13.14,15.98,14.4,0,0,0,0,0
002192,111.18,1.79,0,5288351024.0,0.0,7.04,115.0,107.31,115.0,109.22,1.0,28.86,109.22,109.22,109.22,120.14,1,1,0,0,0
002202,27.94,1.42,0,8540366368.666667,0.0,2.36,28.35,27.7,28.0,27.55,1.0,9.65,28.18,28.18,37.03,30.31,0,0,0,0,0
002229,18.03,10.01,1,1278352836.0,0.0,7.63,18.03,16.78,16.81,16.39,1.0,6.81,20.18,20.15,20.18,18.03,0,0,1,1,0
002263,4.22,4.71,0,798651326.9999999,0.0,4.71,4.24,4.05,4.09,4.03,1.0,-2.99,5.35,5.35,5.35,4.43,0,0,0,0,0
002254,11.55,2.03,0,370500480.0,0.0,3.98,11.73,11.28,11.34,11.32,1.0,8.15,11.74,11.74,14.09,12.45,0,0,0,0,0
002121,7.03,1.15,0,206956620.00000003,0.0,1.87,7.08,6.95,6.95,6.95,1.0,-6.39,8.04,7.78,10.74,7.65,0,0,0,0,0
002270,24.67,-2.45,0,614546808.0000001,0.0,2.02,24.94,24.43,24.51,25.29,1.0,-11.23,29.05,29.05,37.8,27.82,0,0,0,0,0
002281,150.82,4.53,0,10565437168.0,0.0,7.72,158.3,147.16,147.16,144.28,1.0,17.19,146.16,146.16,146.16,158.71,1,0,0,0,0
002290,89.2,10.03,1,599284365.0,0.0,1.3,89.2,88.15,89.2,81.07,1.0,9.93,88.99,88.99,88.99,89.18,1,0,1,1,1
002324,15.116,3.7,0,594758458.9333334,0.0,3.98,15.296,14.716,14.806,14.576,1.0,-7.64,17.65,17.65,25.61,16.03,1,0,0,0,0
002129,8.9,2.77,0,823935135.3333334,0.0,3.12,8.95,8.68,8.76,8.66,1.0,3.13,8.97,8.91,11.86,9.53,0,0,0,0,0
002176,15.7,-2.18,0,4022571501.0,0.0,4.55,16.23,15.5,16.2,16.05,1.0,15.27,16.97,16.97,16.97,17.66,1,0,0,0,0
002326,25.4,3.84,0,1818652861.3333333,0.0,4.5,25.67,24.57,24.57,24.46,1.0,-3.13,27.7,27.7,33.0,26.91,0,0,0,0,0
002338,61.75,1.25,0,516552552.00000006,0.0,3.48,62.93,60.81,61.35,60.99,1.0,2.93,65.51,65.51,68.93,67.09,1,0,0,0,0
002378,34.61,2.22,0,4046746937.9999995,0.0,6.47,34.88,32.69,33.8,33.86,1.0,12.37,34.73,34.73,48.42,37.25,1,0,0,0,0
002371,545.35,1.56,0,8854558110.0,0.0,4.1,567.0,545.0,555.0,536.99,1.0,15.37,541.16,541.16,541.16,590.69,0,0,0,0,0
002402,32.111,2.07,0,1561723055.3,0.0,3.34,32.751,31.701,31.701,31.461,1.0,2.59,33.39,33.39,57.3,34.61,0,0,0,0,0
002353,149.343,9.57,1,3647858506.233332,0.0,5.03,150.003,143.153,143.403,136.303,1.0,14.61,138.9,138.9,138.9,149.93,0,0,1,1,0
002407,37.926,5.01,0,6931656252.399999,0.0,10.02,38.806,35.186,35.756,36.116,1.0,15.47,36.5,36.5,41.8,39.73,1,0,0,0,0
002384,191.88,2.76,0,19648874390.0,0.0,6.46,199.07,187.0,191.8,186.73,1.0,2.12,196.0,196.0,196.0,205.4,1,0,0,0,0
002409,89.9,6.52,0,1954513122.0000002,0.0,6.45,92.68,87.24,87.24,84.4,1.0,1.25,92.23,92.23,100.63,92.84,0,0,0,0,0
002428,77.01,10.0,1,9145362671.666666,0.0,5.11,77.01,73.43,75.0,70.01,1.0,-0.14,82.76,82.76,82.76,77.01,1,0,1,1,0
002436,29.44,6.36,0,6267389755.999999,0.0,4.05,30.45,29.33,29.62,27.68,1.0,3.33,30.35,30.35,30.35,30.45,0,0,0,0,0
002446,10.29,2.9,0,392686110.0,0.0,3.7,10.43,10.06,10.07,10.0,1.0,2.69,11.07,11.07,14.67,11.0,0,0,0,0,0
002453,6.17,9.98,1,427504800.0,0.0,9.09,6.17,5.66,6.09,5.61,1.0,26.69,5.61,5.61,8.47,6.17,1,1,0,2,0
002460,91.45,3.12,0,8149333411.333333,0.0,4.7,91.67,87.5,90.35,88.68,1.0,7.6,91.19,91.19,91.19,97.55,0,0,0,0,0
002392,9.92,7.71,0,886506344.0000001,0.0,9.88,10.13,9.22,9.22,9.21,1.0,12.98,9.38,9.38,9.38,10.13,0,0,0,0,0
002463,104.29,2.17,0,6934875978.333333,0.0,3.53,107.0,103.4,104.4,102.07,1.0,2.37,108.76,108.76,108.76,112.28,0,0,0,0,0
002471,8.61,1.77,0,907954460.0,0.0,1.77,8.67,8.52,8.52,8.46,1.0,0.12,10.3,10.3,10.87,9.31,0,0,0,0,0
002432,71.015,-1.39,0,2459611011.6666665,0.0,7.17,72.295,67.135,70.425,72.015,1.0,-11.29,93.45,93.45,93.45,79.22,1,0,0,0,0
002340,9.35,2.3,0,3396421249.000001,0.0,4.6,9.38,8.96,9.06,9.14,1.0,10.91,9.69,9.69,10.18,10.05,0,0,0,0,0
002472,39.81,1.38,0,870643615.6666666,0.0,1.48,40.08,39.5,39.7,39.27,1.0,8.68,39.67,39.67,49.47,43.2,0,0,0,0,0
002465,16.391,2.18,0,1341346651.0000002,0.0,3.55,16.641,16.071,16.071,16.041,1.0,3.28,17.02,17.02,26.56,17.65,0,0,0,0,0
002478,9.25,3.35,0,347094276.0,0.0,5.25,9.44,8.97,9.04,8.95,1.0,-9.31,11.79,11.69,13.87,9.85,0,0,0,0,0
002491,17.07,8.04,0,2525085732.0,0.0,9.37,17.36,15.88,16.03,15.8,1.0,9.07,18.2,18.2,18.2,17.38,1,0,0,0,0
002519,8.29,1.97,0,597635496.0,0.0,2.83,8.39,8.16,8.19,8.13,1.0,5.34,8.92,8.92,12.62,8.94,0,0,0,0,0
002520,5.99,1.01,0,313165046.3333333,0.0,1.69,6.0,5.9,5.93,5.93,1.0,12.59,5.98,5.98,7.21,6.52,1,0,0,0,0
002497,31.08,1.34,0,2259047664.0,0.0,4.24,32.0,30.7,31.5,30.67,1.0,5.0,30.96,30.96,30.96,33.74,1,0,0,0,0
002543,8.141,1.62,0,43919571.5,0.0,2.0,8.161,8.001,8.041,8.011,1.0,0.12,8.89,8.35,11.74,8.81,0,0,0,0,0
002413,13.31,1.29,0,1255684000.0,0.0,3.12,13.55,13.14,13.14,13.14,1.0,-1.77,15.5,15.5,20.29,14.45,0,0,0,0,0
002549,20.34,2.94,0,1048745013.3333335,0.0,3.49,20.53,19.84,20.15,19.76,1.0,2.06,21.18,21.18,25.35,21.74,0,0,0,0,0
002466,81.71,2.1,0,9769639473.333332,0.0,5.11,82.49,78.4,80.03,80.03,1.0,10.87,81.19,81.19,81.19,88.03,0,0,0,0,0
002527,13.17,1.93,0,130186342.0,0.0,2.55,13.27,12.94,12.94,12.92,1.0,3.38,14.02,13.91,18.58,14.21,0,0,0,0,0
002553,21.93,0.09,0,197410803.33333337,0.0,1.23,22.18,21.91,21.95,21.91,1.0,-7.9,26.39,25.87,30.9,24.1,0,0,0,0,0
002575,7.01,2.94,0,439668835.6666666,0.0,2.94,7.06,6.86,6.92,6.81,1.0,13.61,8.74,6.99,9.59,7.49,1,0,0,0,0
002579,12.69,7.09,0,785708265.6666666,0.0,7.59,13.0,12.1,12.12,11.85,1.0,0.0,13.52,13.52,13.52,13.04,0,0,0,0,0
002594,100.75,-2.17,0,6768342769.333334,0.0,1.64,101.89,100.2,101.7,102.98,1.0,1.3,105.97,105.64,111.82,113.28,0,0,0,0,0
002595,61.345,2.89,0,346974307.33333325,0.0,4.41,62.214,59.586,59.676,59.621,1.0,0.81,67.24,67.24,69.31,65.58,0,0,0,0,0
002552,22.85,3.53,0,331203520.0,0.0,3.76,23.13,22.3,22.42,22.07,1.0,9.33,22.85,22.85,22.87,24.28,0,0,0,0,0
002597,22.982,-0.65,0,186392278.99999997,0.0,1.82,23.132,22.712,23.072,23.132,1.0,0.0,24.55,23.27,29.03,25.45,0,0,0,0,0
002601,16.96,0.3,0,436896702.00000006,0.0,2.54,16.98,16.55,16.86,16.91,1.0,-3.58,18.15,18.15,23.79,18.6,0,0,0,0,0
002602,15.94,-0.06,0,2331917829.0,0.0,2.7,16.14,15.71,16.08,15.95,1.0,-2.27,17.87,17.64,20.82,17.55,0,0,0,0,0
002583,10.04,1.01,0,269394693.3333333,0.0,2.21,10.22,10.0,10.0,9.94,1.0,-2.81,10.98,10.95,12.45,10.93,0,0,0,0,0
002636,46.435,3.71,0,2880009980.1666665,0.0,9.49,47.625,43.375,45.455,44.775,1.0,12.69,48.38,48.38,48.38,49.25,1,0,0,0,0
002652,6.09,2.7,0,601766578.0,0.0,6.58,6.32,5.93,6.06,5.93,1.0,22.29,6.6,6.6,6.6,6.52,1,0,0,0,0
002647,12.5,0.73,0,661948750.0,0.0,6.29,12.89,12.11,12.56,12.41,1.0,7.67,13.4,13.4,13.4,13.65,1,0,0,0,0
002681,5.32,1.92,0,214196406.6666667,0.0,2.68,5.38,5.24,5.25,5.22,1.0,3.91,5.43,5.28,7.68,5.74,0,0,0,0,0
002685,9.2,0.55,0,1508463967.9999998,0.0,4.59,9.25,8.83,8.98,9.15,1.0,15.58,9.15,9.15,9.15,10.07,1,1,0,0,0
002709,64.0,5.77,0,10900435251.333336,0.0,9.67,64.98,59.13,60.58,60.51,1.0,30.32,61.0,61.0,61.0,66.56,1,1,0,0,0
002698,13.78,7.82,0,312675734.99999994,0.0,8.22,13.96,12.91,12.91,12.78,1.0,0.73,14.25,14.21,18.97,14.06,0,0,0,0,0
002733,29.532,7.15,0,1427143314.1333334,0.0,10.59,30.042,27.122,27.562,27.562,1.0,-1.47,32.72,32.72,32.72,30.32,1,0,0,0,0
002734,17.674,0.51,0,457404440.7333333,0.0,3.3,17.794,17.214,17.554,17.584,1.0,1.67,18.08,18.08,22.34,19.34,0,0,0,0,0
002725,17.182,1.78,0,274445448.0,0.0,3.85,17.582,16.932,17.112,16.882,1.0,3.56,17.54,17.54,21.18,18.57,0,0,0,0,0
002738,93.16,3.18,0,2591608630.0,0.0,4.47,93.89,89.85,90.75,90.29,1.0,9.77,94.0,94.0,100.36,99.32,0,0,0,0,0
002759,41.31,8.45,0,4320072108.0,0.0,8.93,41.9,38.5,38.61,38.09,1.0,23.65,39.5,38.55,55.98,41.9,0,0,0,0,0
002747,22.83,4.39,0,866449135.3333331,0.0,4.66,23.3,22.28,22.31,21.87,1.0,10.72,22.09,22.09,26.47,24.06,0,0,0,0,0
002632,11.1,2.12,0,117859058.33333334,0.0,2.85,11.23,10.92,10.92,10.87,1.0,0.09,12.18,12.15,16.39,11.96,0,0,0,0,0
002748,12.92,0.7,0,87443332.66666667,0.0,2.26,12.97,12.68,12.94,12.83,1.0,4.53,13.3,13.3,15.74,14.11,0,0,0,0,0
002756,87.997,1.32,0,2341809294.1000004,0.0,5.62,89.487,84.607,87.087,86.847,1.0,13.08,89.41,89.41,89.41,95.53,1,0,0,0,0
002765,9.41,0.43,0,129601698.66666666,0.0,1.39,9.45,9.32,9.38,9.37,1.0,-6.46,10.43,10.41,14.23,10.31,0,0,0,0,0
002779,76.75,-4.12,0,584845173.0000001,0.0,6.15,81.04,76.12,80.83,80.05,1.0,-15.84,100.77,97.0,144.0,88.06,0,0,0,0,0
002782,19.43,1.67,0,168517093.3333333,0.0,1.94,19.67,19.3,19.3,19.11,1.0,-8.48,23.52,23.52,28.58,21.02,0,0,0,0,0
002796,54.08,-1.8,0,920816240.0,0.0,6.46,57.28,53.72,55.76,55.07,1.0,-6.35,62.78,62.78,67.88,60.58,1,0,0,0,0
002792,48.005,10.01,1,2042312391.0,0.0,9.21,48.005,43.985,44.105,43.635,1.0,5.29,54.98,54.98,73.33,48.0,0,0,1,1,0
002805,25.14,10.02,1,1688840348.0,0.0,10.33,25.14,22.78,23.34,22.85,1.0,37.9,22.85,22.85,23.85,25.14,1,1,0,3,0
002829,23.21,6.03,0,235236213.33333334,0.0,7.45,23.79,22.16,22.34,21.89,1.0,4.13,24.15,24.15,35.69,24.08,0,0,0,0,0
002815,14.31,3.92,0,684633118.0000001,0.0,5.66,14.75,13.97,14.03,13.77,1.0,-4.92,15.82,15.82,16.41,15.15,0,0,0,0,0
002741,22.32,3.33,0,760940302.0,0.0,3.7,22.55,21.75,22.03,21.6,1.0,10.82,22.25,22.25,25.95,23.76,1,0,0,0,0
002842,39.232,2.29,0,3659566855.4666667,0.0,4.95,39.512,37.612,38.892,38.352,1.0,23.32,38.35,38.35,48.36,42.19,1,1,0,0,0
002851,120.33,0.1,0,3714010986.666666,0.0,3.0,123.0,119.39,122.5,120.21,1.0,15.1,124.57,124.57,140.39,132.23,1,0,0,0,0
002846,15.925,3.58,0,277359273.3333333,0.0,3.38,15.935,15.415,15.415,15.375,1.0,0.13,17.77,17.77,22.57,16.91,1,0,0,0,0
002812,87.55,5.55,0,4334373101.666667,0.0,5.79,87.71,82.91,83.78,82.95,1.0,13.44,85.89,85.89,85.89,91.25,1,0,0,0,0
002850,190.13,1.16,0,1252851593.0,0.0,3.92,194.92,187.56,189.91,187.95,1.0,-7.6,213.49,213.49,213.49,206.75,0,0,0,0,0
002859,49.81,-2.1,0,698793577.3333334,0.0,4.5,51.67,49.38,50.09,50.88,1.0,8.61,50.97,50.97,50.97,55.97,0,0,0,0,0
002885,33.495,7.27,0,1035530571.0000001,0.0,8.87,33.895,31.125,31.125,31.225,1.0,8.45,33.02,33.02,37.33,34.35,1,0,0,0,0
002886,23.135,3.03,0,235169457.50000003,0.0,4.05,23.385,22.475,22.525,22.455,1.0,4.85,23.2,23.2,26.48,24.7,0,0,0,0,0
002892,10.428,0.58,0,92291752.2,0.0,1.64,10.528,10.358,10.408,10.368,1.0,-4.58,11.32,11.32,13.83,11.4,0,0,0,0,0
002882,27.25,1.53,0,105714515.66666667,0.0,1.94,27.4,26.88,26.9,26.84,1.0,-2.08,30.89,30.89,37.52,29.52,0,0,0,0,0
002916,316.35,2.02,0,3856303465.6666665,0.0,6.22,335.37,316.09,323.01,310.1,1.0,5.82,328.58,328.58,328.58,341.11,0,0,0,0,0
002896,70.9,0.88,0,322145693.3333333,0.0,1.85,71.5,70.2,70.3,70.28,1.0,-0.55,75.75,74.69,92.2,77.31,0,0,0,0,0
002925,20.163,6.22,0,488288887.1999999,0.0,9.17,20.823,19.083,19.153,18.983,1.0,5.6,20.14,20.09,24.07,20.88,0,0,0,0,0
002915,18.82,1.89,0,136137568.00000003,0.0,2.27,18.94,18.52,18.52,18.47,1.0,-9.48,21.64,21.64,29.0,20.32,0,0,0,0,0
002935,23.24,2.24,0,462340778.6666666,0.0,3.08,23.45,22.75,23.25,22.73,1.0,12.82,22.95,22.95,27.65,25.0,1,0,0,0,0
002962,16.931,3.42,0,397493312.06666666,0.0,3.12,17.091,16.581,16.711,16.371,1.0,2.73,19.1,19.1,19.1,18.01,0,0,0,0,0
002938,74.13,4.33,0,3880719283.333333,0.0,5.31,74.45,70.68,72.0,71.05,1.0,5.01,77.66,77.66,77.66,78.16,1,0,0,0,0
002922,41.122,4.52,0,909837775.9333333,0.0,3.56,41.182,39.782,40.072,39.342,1.0,-1.32,43.3,43.3,49.18,43.28,0,0,0,0,0
002929,64.65,8.33,0,1838503380.0,0.0,5.41,65.44,62.21,64.3,59.68,1.0,13.88,65.29,64.64,65.29,65.65,1,1,0,0,0
002965,30.62,4.76,0,277582060.0,0.0,7.01,31.4,29.35,29.52,29.23,1.0,3.41,31.2,31.2,43.38,32.15,0,0,0,0,0
003009,61.29,2.05,0,305001289.6666667,0.0,3.33,62.07,60.07,60.08,60.06,1.0,5.98,63.0,63.0,100.6,66.07,0,0,0,0,0
002971,32.0,0.82,0,251408072.66666666,0.0,2.49,32.19,31.4,31.67,31.74,1.0,-3.9,35.05,35.05,41.6,34.91,1,0,0,0,0
003022,25.29,4.98,0,881914865.0,0.0,5.31,25.29,24.01,24.38,24.09,1.0,2.39,25.86,25.86,25.86,26.5,1,0,0,0,0
003031,127.86,3.88,0,1797720750.0,0.0,5.27,129.55,123.06,125.42,123.08,1.0,0.4,132.64,132.64,132.64,135.39,1,0,0,0,0
002240,62.14,3.41,0,4917455641.0,0.0,7.04,63.13,58.9,60.76,60.09,1.0,22.01,60.09,60.09,60.09,66.1,1,1,0,0,0
003043,57.39,-0.35,0,258700236.0,0.0,3.56,58.55,56.5,58.07,57.59,1.0,3.2,58.63,58.63,58.63,63.35,0,0,0,0,0
003033,56.5,0.36,0,91717584.00000001,0.0,3.41,58.39,56.47,57.98,56.3,1.0,1.4,64.05,62.16,80.1,61.93,0,0,0,0,0
003021,97.145,0.98,0,374446215.0,0.0,2.46,98.085,95.715,96.715,96.205,1.0,1.28,102.58,102.58,136.81,105.83,0,0,0,0,0
300019,18.09,1.01,0,90969134.66666669,0.0,1.95,18.15,17.8,17.8,17.91,1.0,-1.2,20.15,20.12,26.35,21.49,0,0,0,0,0
300007,44.33,3.33,0,766660672.6666666,0.0,6.22,45.7,43.03,43.15,42.9,1.0,5.2,45.08,45.08,67.83,51.48,0,0,0,0,0
002985,36.06,1.21,0,326765255.6666666,0.0,1.88,36.37,35.7,35.8,35.63,1.0,-8.31,40.22,40.22,46.84,39.19,0,0,0,0,0
300037,71.12,2.92,0,2581165491.6666665,0.0,5.46,72.86,69.09,70.1,69.1,1.0,15.06,71.83,71.83,71.83,82.92,0,0,0,0,0
300041,11.65,1.13,0,176515715.33333334,0.0,1.65,11.74,11.55,11.6,11.52,1.0,2.73,11.74,11.74,13.49,13.82,0,0,0,0,0
300042,62.65,20.02,1,2807740067.0,0.0,11.72,62.65,56.53,56.56,52.2,1.0,35.23,53.51,53.51,61.01,62.64,0,0,1,1,0
300045,23.11,3.35,0,524476159.99999994,0.0,4.16,23.31,22.38,22.38,22.36,1.0,3.87,24.15,24.15,38.6,26.83,0,0,0,0,0
002979,44.39,1.16,0,434898968.33333325,0.0,2.83,45.0,43.76,44.0,43.88,1.0,5.02,44.62,44.62,46.44,48.27,0,0,0,0,0
300035,20.97,1.06,0,908075231.9999999,0.0,1.78,21.14,20.77,20.81,20.75,1.0,-14.96,25.2,25.2,28.55,24.9,0,0,0,0,0
300065,25.88,0.0,0,2031273786.6666663,0.0,3.4,26.48,25.6,25.6,25.88,1.0,2.33,28.76,28.76,32.13,31.06,0,0,0,0,0
300054,64.58,3.73,0,3439366055.6666665,0.0,6.95,67.59,63.26,63.9,62.26,1.0,13.5,63.08,63.08,63.08,74.71,0,0,0,0,0
300073,64.867,2.71,0,2085817682.3000002,0.0,3.83,65.417,62.997,63.117,63.157,1.0,8.17,65.05,65.05,70.9,75.79,0,0,0,0,0
300067,7.57,10.51,0,1841720921.666667,0.0,11.97,7.85,7.03,7.03,6.85,1.0,13.49,7.75,7.75,7.75,8.22,1,0,0,0,0
300082,12.47,7.22,0,526223820.0,0.0,8.34,12.55,11.58,11.65,11.63,1.0,-3.71,13.53,13.53,14.38,13.96,0,0,0,0,0
300052,11.89,1.36,0,162978851.0,0.0,2.22,12.07,11.81,11.81,11.73,1.0,-3.96,14.35,14.35,14.57,14.08,0,0,0,0,0
300075,13.57,2.11,0,184313758.66666666,0.0,2.48,13.65,13.32,13.32,13.29,1.0,0.82,13.59,13.59,18.19,15.95,0,0,0,0,0
300053,19.48,8.83,0,1539780728.0,0.0,13.18,20.57,18.21,18.21,17.9,1.0,8.28,19.28,19.28,25.86,21.48,0,0,0,0,0
300100,29.3,2.77,0,242469557.66666666,0.0,3.75,29.68,28.61,28.79,28.51,1.0,-1.94,32.69,32.69,42.14,34.21,0,0,0,0,0
300102,33.571,2.44,0,2023524665.0666666,0.0,4.42,34.381,32.931,32.941,32.771,1.0,4.84,36.85,36.85,46.75,39.33,0,0,0,0,0
300111,3.97,2.32,0,149119274.6666667,0.0,2.32,3.98,3.89,3.9,3.88,1.0,2.32,4.2,4.05,9.64,4.66,0,0,0,0,0
300113,27.27,8.47,0,1811582382.0,0.0,5.69,27.97,26.54,26.75,25.14,1.0,-0.22,30.32,30.04,31.76,30.17,0,0,0,0,0
300118,17.74,0.0,0,1137461174.0,0.0,3.61,17.94,17.3,17.74,17.74,1.0,10.25,17.79,17.79,25.99,21.29,1,0,0,0,0
300133,9.619,10.2,0,2254461873.9,0.0,9.85,9.899,9.039,9.279,8.729,1.0,13.18,9.39,9.39,11.44,10.47,0,0,0,0,0
300129,11.37,0.09,0,373369080.3333334,0.0,2.29,11.55,11.29,11.33,11.36,1.0,2.34,13.26,13.26,18.42,13.63,0,0,0,0,0
300057,9.92,1.74,0,1363607848.3333333,0.0,5.85,10.0,9.43,9.73,9.75,1.0,25.73,10.06,10.06,10.06,11.7,1,0,0,0,0
300136,97.18,6.5,0,11096652454.0,0.0,10.29,100.35,90.96,91.95,91.25,1.0,19.61,91.93,91.93,94.53,109.5,0,0,0,0,0
300137,17.88,7.32,0,957000864.9999999,0.0,8.7,18.25,16.8,17.49,16.66,1.0,9.96,17.69,17.69,17.69,19.99,0,0,0,0,0
300174,18.0,1.01,0,238201684.0,0.0,2.13,18.13,17.75,17.89,17.82,1.0,0.95,18.71,18.71,18.71,21.38,0,0,0,0,0
300192,20.02,1.68,0,216217572.00000003,0.0,2.54,20.3,19.8,19.89,19.69,1.0,3.36,20.65,20.65,25.97,23.63,0,0,0,0,0
300166,18.53,20.01,1,4970413952.666667,0.0,13.34,18.53,16.47,16.47,15.44,1.0,12.1,17.85,17.26,17.85,18.53,0,0,1,1,0
300209,20.9,19.63,1,2811119201.0,0.0,18.26,20.96,17.77,18.0,17.47,1.0,58.57,17.5,17.5,17.5,20.96,1,0,1,1,0
300228,9.37,1.96,0,339030698.6666667,0.0,2.5,9.39,9.16,9.19,9.19,1.0,5.16,9.5,9.4,12.96,11.03,0,0,0,0,0
300221,11.54,2.76,0,246751353.3333333,0.0,2.85,11.68,11.36,11.37,11.23,1.0,4.06,11.69,11.69,13.09,13.48,0,0,0,0,0
300236,94.052,-0.25,0,2231530820.2666664,0.0,9.25,102.422,93.702,96.522,94.292,1.0,9.42,96.5,96.5,96.5,113.15,0,0,0,0,0
300243,17.9,1.99,0,583595547.3333334,0.0,6.84,18.24,17.04,17.22,17.55,1.0,5.29,20.21,20.21,20.21,21.06,1,0,0,0,0
300088,6.89,6.0,0,1295157585.0000002,0.0,7.38,7.07,6.59,6.6,6.5,1.0,-1.57,8.12,7.86,8.12,7.8,0,0,0,0,0
300250,20.32,3.41,0,165824281.3333333,0.0,4.78,20.65,19.71,19.77,19.65,1.0,-5.58,23.1,23.1,34.5,23.58,0,0,0,0,0
300223,136.54,10.09,0,7194860300.0,0.0,9.43,140.83,129.13,129.15,124.03,1.0,14.12,128.85,128.85,151.83,148.84,0,0,0,0,0
300124,70.57,3.63,0,3873333294.3333335,0.0,3.73,71.05,68.51,69.48,68.1,1.0,9.84,69.91,69.91,82.09,81.72,1,0,0,0,0
300258,11.436,1.51,0,122651729.20000002,0.0,1.78,11.476,11.276,11.376,11.266,1.0,3.06,13.05,13.0,17.26,13.52,0,0,0,0,0
300121,12.331,0.65,0,111708263.8,0.0,1.55,12.441,12.251,12.271,12.251,1.0,-0.96,13.38,13.01,16.62,14.7,0,0,0,0,0
300260,54.11,4.5,0,1429476033.3333335,0.0,6.16,55.44,52.25,52.82,51.78,1.0,10.79,52.78,52.78,65.2,62.14,0,0,0,0,0
300263,10.911,3.81,0,472144634.0333334,0.0,2.85,10.921,10.621,10.621,10.511,1.0,8.13,11.18,11.18,12.5,12.61,0,0,0,0,0
300274,139.845,2.28,0,10131341314.5,0.0,4.81,141.695,135.115,136.995,136.725,1.0,5.06,141.44,139.53,209.19,164.07,0,0,0,0,0
300283,13.195,6.11,0,1349084828.5000002,0.0,7.64,13.235,12.285,12.685,12.435,1.0,12.44,12.98,12.98,12.98,14.92,1,0,0,0,0
300281,7.5,1.49,0,70847250.0,0.0,2.44,7.59,7.41,7.47,7.39,1.0,9.49,7.44,7.44,8.95,8.87,0,0,0,0,0
300293,18.96,1.83,0,176993791.6666667,0.0,3.28,19.2,18.59,18.8,18.62,1.0,6.76,19.58,19.25,24.45,22.34,0,0,0,0,0
300285,37.331,4.62,0,2091629428.2333336,0.0,4.46,37.761,36.171,36.411,35.681,1.0,5.42,37.66,37.66,41.63,42.82,0,0,0,0,0
300308,856.0,1.3,0,26663401123.333332,0.0,5.75,889.0,840.45,888.5,845.0,1.0,-4.46,918.99,918.99,918.99,1014.0,0,0,0,0,0
300296,6.36,1.6,0,698499321.6666666,0.0,2.72,6.42,6.25,6.29,6.26,1.0,-3.2,7.85,7.84,9.6,7.51,0,0,0,0,0
300316,44.46,4.69,0,1374375834.0,0.0,4.45,44.82,42.93,43.09,42.47,1.0,2.47,46.4,46.4,65.75,50.96,0,0,0,0,0
300322,30.85,2.12,0,896298585.666667,0.0,4.1,31.75,30.51,30.81,30.21,1.0,-0.29,33.28,33.28,34.0,36.25,0,0,0,0,0
300324,5.08,3.25,0,414681557.6666667,0.0,4.67,5.16,4.93,4.96,4.92,1.0,10.2,4.96,4.96,7.11,5.9,0,0,0,0,0
300340,11.42,2.06,0,85383238.66666666,0.0,2.59,11.44,11.15,11.19,11.19,1.0,2.51,11.76,11.76,15.28,13.43,0,0,0,0,0
300346,53.79,4.98,0,3204620906.6666665,0.0,6.62,55.0,51.61,51.72,51.24,1.0,0.94,55.18,55.18,64.76,61.49,0,0,0,0,0
300342,72.59,6.3,0,4345743730.999999,0.0,9.72,74.96,68.32,68.32,68.29,1.0,2.43,75.48,75.48,75.48,81.95,1,0,0,0,0
300354,36.46,2.59,0,102936392.99999999,0.0,4.53,37.16,35.55,35.7,35.54,1.0,3.99,38.33,38.33,55.68,42.65,0,0,0,0,0
300390,114.7,3.8,0,9733423930.000002,0.0,11.51,119.06,106.34,113.0,110.5,1.0,26.04,112.52,112.52,112.52,132.6,1,0,0,0,0
300383,17.27,8.75,0,3542139588.0000005,0.0,8.5,17.65,16.3,16.31,15.88,1.0,1.17,19.14,18.68,19.14,19.06,0,0,0,0,0
300394,225.329,2.82,0,12379242661.6,0.0,8.34,239.914,221.643,222.964,219.143,1.0,-2.39,276.64,276.64,277.31,262.97,0,0,0,0,0
300373,77.96,3.42,0,1711695275.0,0.0,4.68,80.16,76.63,76.65,75.38,1.0,-5.33,84.28,84.28,93.18,90.46,0,0,0,0,0
300403,10.98,1.48,0,93424605.33333334,0.0,1.76,11.07,10.88,10.94,10.82,1.0,-5.83,12.25,12.25,17.07,12.98,0,0,0,0,0
300395,115.96,6.4,0,4655089984.333333,0.0,6.74,118.58,111.23,111.23,108.98,1.0,7.32,127.08,127.08,135.88,130.78,0,0,0,0,0
300398,31.57,3.81,0,1399638375.3333335,0.0,3.26,32.1,31.11,31.11,30.41,1.0,3.14,32.42,32.42,34.1,36.49,0,0,0,0,0
300409,28.084,5.25,0,1454866137.2,0.0,4.57,28.114,26.894,26.984,26.684,1.0,6.12,27.97,27.61,37.13,32.02,0,0,0,0,0
300410,10.17,2.52,0,218360070.00000003,0.0,3.23,10.33,10.01,10.06,9.92,1.0,5.5,10.35,10.35,10.35,11.9,0,0,0,0,0
300408,84.551,-0.82,0,3539867695.6666665,0.0,6.03,86.541,81.401,85.051,85.251,1.0,13.43,86.85,86.85,86.85,102.3,0,0,0,0,0
300416,16.98,0.83,0,302930475.6666666,0.0,3.03,17.36,16.85,16.85,16.84,1.0,1.49,18.73,18.73,21.83,20.21,0,0,0,0,0
300421,24.03,1.69,0,201284120.0,0.0,3.34,24.28,23.49,23.66,23.63,1.0,0.75,25.65,25.4,38.86,28.36,0,0,0,0,0
300433,26.62,3.62,0,2389175113.3333335,0.0,3.81,26.88,25.9,25.9,25.69,1.0,2.54,30.79,27.81,43.44,30.83,0,0,0,0,0
300445,23.27,6.84,0,239885922.00000003,0.0,7.67,23.67,22.0,22.0,21.78,1.0,9.04,22.05,22.05,29.59,26.14,0,0,0,0,0
300456,52.04,13.57,0,5740763819.333334,0.0,15.74,54.59,47.38,47.7,45.82,1.0,11.43,58.56,58.56,68.13,54.98,0,0,0,0,0
300457,29.49,1.72,0,847219389.3333335,0.0,2.38,29.63,28.94,29.04,28.99,1.0,2.97,29.36,29.36,31.58,34.79,0,0,0,0,0
300455,27.71,5.4,0,617775474.6666667,0.0,8.1,28.5,26.37,26.38,26.29,1.0,7.78,27.4,27.4,41.5,31.55,0,0,0,0,0
300474,67.16,1.79,0,1925570203.3333335,0.0,5.15,70.35,66.95,67.58,65.98,1.0,10.46,66.78,66.78,82.49,79.18,0,0,0,0,0
300475,194.66,11.43,0,13043784088.666666,0.0,10.3,204.0,186.0,188.99,174.7,1.0,20.12,178.78,178.78,204.57,209.64,0,0,0,0,0
300476,325.92,-0.78,0,17213224817.666668,0.0,4.23,338.89,325.0,334.01,328.49,1.0,3.27,349.79,349.79,349.79,394.19,0,0,0,0,0
300450,57.01,3.24,0,4330427595.666666,0.0,4.31,57.1,54.72,55.1,55.22,1.0,0.09,59.51,59.51,67.48,66.26,0,0,0,0,0
300465,14.45,1.62,0,144257124.66666666,0.0,2.81,14.64,14.24,14.3,14.22,1.0,2.7,15.55,15.23,25.99,17.06,0,0,0,0,0
300480,36.24,1.03,0,824418525.3333334,0.0,4.74,37.62,35.92,36.12,35.87,1.0,4.89,38.58,38.58,38.58,43.04,0,0,0,0,0
300484,16.5,0.49,0,63136993.33333332,0.0,1.4,16.67,16.44,16.44,16.42,1.0,-3.85,17.44,17.44,21.24,19.7,0,0,0,0,0
300488,30.69,0.76,0,123970127.99999999,0.0,1.64,30.97,30.47,30.7,30.46,1.0,4.89,30.98,30.98,40.15,36.55,0,0,0,0,0
300490,20.17,1.36,0,626463884.0000001,0.0,2.56,20.44,19.93,20.14,19.9,1.0,7.4,21.88,21.88,21.88,23.88,0,0,0,0,0
300432,27.89,-0.46,0,1588690074.6666667,0.0,4.28,28.39,27.19,28.12,28.02,1.0,2.24,28.75,28.75,28.75,33.62,0,0,0,0,0
300502,372.486,-0.63,0,15825691721.099997,0.0,4.87,386.843,368.572,384.929,374.85,1.0,-2.76,447.71,447.71,447.71,449.82,1,0,0,0,0
300522,13.25,0.3,0,70019430.0,0.0,1.74,13.38,13.15,13.25,13.21,1.0,-1.27,14.24,14.24,14.24,15.85,0,0,0,0,0
300536,10.02,-1.38,0,239854088.00000003,0.0,4.04,10.39,9.98,10.2,10.16,1.0,15.57,10.45,10.45,10.52,12.19,1,1,0,0,0
300548,252.48,-1.64,0,5821558822.333333,0.0,5.76,264.79,250.0,261.0,256.69,1.0,-2.93,290.0,290.0,290.0,308.03,0,0,0,0,0
300554,25.59,0.95,0,151070568.00000003,0.0,2.92,25.91,25.17,25.6,25.35,1.0,13.83,25.78,25.78,28.0,30.42,0,0,0,0,0
300501,14.07,2.4,0,169209282.66666666,0.0,7.21,14.39,13.4,13.75,13.74,1.0,8.5,15.21,15.21,15.21,16.49,1,0,0,0,0
300565,12.84,1.02,0,133416587.99999999,0.0,1.42,12.93,12.75,12.75,12.71,1.0,1.5,15.86,14.65,15.86,15.25,0,0,0,0,0
300567,142.55,-1.59,0,2234004560.0,0.0,7.48,152.74,141.91,148.8,144.85,1.0,8.16,146.79,146.79,159.3,173.82,0,0,0,0,0
300576,34.155,1.6,0,497369652.86666656,0.0,2.73,35.018,34.1,34.291,33.618,1.0,0.89,36.67,36.67,43.12,40.34,0,0,0,0,0
300568,17.41,6.03,0,1830638849.6666663,0.0,5.6,17.47,16.55,16.55,16.42,1.0,8.61,17.03,17.03,18.71,19.7,0,0,0,0,0
300570,143.87,5.85,0,3988349279.9999995,0.0,10.34,151.05,137.0,138.51,135.92,1.0,7.29,152.32,152.32,158.1,163.1,1,0,0,0,0
300487,65.1,2.12,0,263967424.99999994,0.0,2.93,65.97,64.1,64.46,63.75,1.0,1.86,73.5,73.5,78.82,76.5,0,0,0,0,0
300571,51.52,16.17,0,1954148813.3333337,0.0,9.79,53.22,48.88,49.93,44.35,1.0,43.91,44.96,44.96,44.96,53.22,1,0,0,0,0
300584,42.94,1.59,0,130523800.66666666,0.0,1.85,43.19,42.41,42.51,42.27,1.0,1.47,48.1,44.31,73.4,50.72,0,0,0,0,0
300580,28.49,-1.11,0,293231276.0,0.0,2.92,29.01,28.17,28.69,28.81,1.0,0.46,31.3,31.3,31.3,34.57,0,0,0,0,0
300586,11.91,2.23,0,316336258.6666666,0.0,3.52,11.97,11.56,11.6,11.65,1.0,18.27,12.26,12.26,12.26,13.98,1,0,0,0,0
300587,6.41,4.06,0,241427241.66666666,0.0,5.84,6.55,6.19,6.22,6.16,1.0,10.71,6.35,6.35,8.2,7.39,0,0,0,0,0
300503,65.89,5.34,0,1524209744.0000002,0.0,7.24,66.68,62.15,63.15,62.55,1.0,3.73,67.67,67.67,74.55,75.06,0,0,0,0,0
300604,176.1,1.15,0,6099347782.666667,0.0,4.68,183.4,175.26,177.6,174.1,1.0,11.53,187.9,187.9,187.9,208.92,1,0,0,0,0
300609,42.07,-2.14,0,277512503.0,0.0,5.72,43.99,41.53,43.01,42.99,1.0,10.71,43.15,43.15,49.36,51.59,0,0,0,0,0
300611,24.53,-0.89,0,141416250.66666666,0.0,2.63,25.1,24.45,24.88,24.75,1.0,-5.47,28.38,28.38,31.23,29.7,0,0,0,0,0
300623,29.46,1.76,0,870935832.0,0.0,2.56,30.1,29.36,29.69,28.95,1.0,4.62,30.11,30.11,38.65,34.74,0,0,0,0,0
300619,44.12,7.53,0,532569061.00000006,0.0,8.16,44.76,41.41,41.42,41.03,1.0,5.83,46.06,46.06,57.08,49.24,0,0,0,0,0
300607,29.518,1.27,0,521263190.93333334,0.0,2.5,29.728,28.998,28.998,29.148,1.0,-0.91,30.77,30.77,34.78,34.98,0,0,0,0,0
300631,30.61,9.32,0,522598217.3333334,0.0,8.11,31.62,29.35,29.35,28.0,1.0,12.95,28.0,28.0,35.49,33.6,0,0,0,0,0
300647,7.15,1.13,0,131472209.00000001,0.0,2.26,7.2,7.04,7.12,7.07,1.0,8.33,7.12,7.12,8.42,8.48,0,0,0,0,0
300648,49.78,0.65,0,113936875.66666666,0.0,1.52,50.25,49.5,49.97,49.46,1.0,-0.66,54.26,53.49,65.0,59.35,0,0,0,0,0
300657,36.8,2.91,0,1680809559.3333335,0.0,3.86,37.5,36.12,36.39,35.76,1.0,2.59,37.79,37.79,37.79,42.91,0,0,0,0,0
300658,23.121,6.69,0,689245099.3666667,0.0,11.77,24.341,21.791,21.841,21.671,1.0,14.45,28.66,22.94,30.94,26.01,0,0,0,0,0
300706,46.3,8.94,0,1363346878.0,0.0,14.78,48.88,42.6,43.43,42.5,1.0,21.36,43.0,43.0,47.99,51.0,0,0,0,0,0
300693,49.281,7.2,0,1432191079.8000002,0.0,9.46,50.601,46.251,46.351,45.971,1.0,1.97,54.68,54.68,54.68,55.17,0,0,0,0,0
300680,31.523,2.71,0,281115158.6,0.0,2.96,31.831,30.923,31.0,30.692,1.0,7.42,32.45,32.13,48.69,36.83,0,0,0,0,0
300718,71.161,1.28,0,368445695.1333334,0.0,2.8,71.691,69.721,69.721,70.261,1.0,3.51,73.24,72.32,89.74,84.31,0,0,0,0,0
300620,247.16,3.95,0,4577105828.666666,0.0,4.98,252.25,240.4,240.8,237.76,1.0,4.01,282.1,282.1,282.1,285.31,0,0,0,0,0
300750,460.0,5.5,0,21704749959.0,0.0,3.96,465.88,448.63,457.5,436.0,1.0,3.39,453.09,453.09,453.09,523.2,0,0,0,0,0
300758,13.875,4.76,0,290951602.5,0.0,5.51,14.065,13.335,13.405,13.245,1.0,-6.85,16.2,16.2,21.52,15.89,1,0,0,0,0
300762,44.93,3.48,0,2830287600.0000005,0.0,6.89,45.99,43.0,43.14,43.42,1.0,12.66,44.38,44.38,60.77,52.1,1,1,0,0,0
300757,480.55,-0.32,0,3659311728.333333,0.0,4.81,494.9,471.7,490.0,482.1,1.0,-4.16,566.0,566.0,566.0,578.52,0,0,0,0,0
300736,27.98,1.38,0,241884255.99999997,0.0,3.91,28.63,27.55,28.23,27.6,1.0,0.94,28.9,28.9,28.9,33.12,1,0,0,0,0
300769,80.15,11.4,0,4975065952.0,0.0,12.77,80.66,71.47,72.34,71.95,1.0,59.0,74.98,74.98,74.98,86.34,1,1,0,0,0
300655,14.521,5.83,0,873441560.2,0.0,5.76,14.788,13.998,13.998,13.721,1.0,-2.25,15.44,15.44,20.14,16.47,0,0,0,0,0
300775,29.65,-0.24,0,799208968.0,0.0,2.52,30.16,29.41,29.72,29.72,1.0,-17.82,40.15,40.15,49.19,35.66,0,0,0,0,0
300776,105.522,1.26,0,1128870030.9333334,0.0,3.92,107.112,103.022,106.212,104.212,1.0,-3.8,118.8,118.8,118.8,125.05,1,0,0,0,0
300666,181.626,1.28,0,3026939746.3999996,0.0,8.14,195.216,180.626,184.616,179.326,1.0,16.56,190.73,190.73,190.73,215.19,0,0,0,0,0
300786,16.63,1.53,0,166189303.6666667,0.0,3.66,17.1,16.5,16.58,16.38,1.0,10.72,16.87,16.87,17.95,19.66,0,0,0,0,0
300798,11.34,11.29,0,625849106.3333333,0.0,13.05,11.38,10.05,10.13,10.19,1.0,4.81,13.42,13.1,13.42,12.23,0,0,0,0,0
300724,91.183,-0.93,0,1534130639.3999999,0.0,2.04,92.653,90.773,92.273,92.043,1.0,2.91,112.67,109.88,151.04,110.45,0,0,0,0,0
300809,31.88,-0.53,0,149313387.99999997,0.0,2.62,32.5,31.66,32.3,32.05,1.0,-6.04,35.95,35.95,42.97,38.46,0,0,0,0,0
300801,30.871,2.22,0,294975222.26666665,0.0,2.95,30.891,30.001,30.201,30.201,1.0,0.52,32.47,32.47,43.32,36.24,1,0,0,0,0
300814,116.31,7.59,0,1637214461.3333333,0.0,14.91,121.66,105.54,108.8,108.1,1.0,23.18,111.9,111.9,116.0,129.72,0,0,0,0,0
300846,29.45,10.09,0,1992638034.0000005,0.0,10.32,30.26,27.5,27.5,26.75,1.0,3.41,32.2,31.25,39.03,32.1,0,0,0,0,0
300816,75.966,5.13,0,281869166.1333333,0.0,8.29,77.406,71.416,72.096,72.256,1.0,16.06,74.41,72.66,82.71,86.71,0,0,0,0,0
300867,21.508,5.03,0,316856418.6666667,0.0,5.91,21.698,20.488,20.488,20.478,1.0,1.22,21.91,21.91,25.38,24.57,0,0,0,0,0
300857,281.41,8.36,0,9796127110.333336,0.0,11.81,294.84,264.16,266.2,259.7,1.0,6.52,279.98,279.98,279.98,311.64,1,0,0,0,0
300873,21.33,1.23,0,62480406.33333332,0.0,3.13,21.76,21.1,21.16,21.07,1.0,2.4,23.68,23.68,27.44,25.28,0,0,0,0,0
300905,66.02,-2.65,0,1172895174.0,0.0,4.26,68.59,65.7,66.7,67.82,1.0,19.58,71.91,71.91,71.91,81.38,1,0,0,0,0
300910,36.851,5.84,0,329162827.90000004,0.0,5.55,36.929,34.997,35.522,34.819,1.0,2.65,41.12,36.56,50.09,41.78,0,0,0,0,0
300890,42.37,4.62,0,1103509437.3333333,0.0,5.8,42.65,40.3,40.99,40.5,1.0,-0.54,44.68,44.68,44.68,48.6,1,0,0,0,0
300918,14.423,1.62,0,108456819.9,0.0,3.95,14.733,14.173,14.193,14.193,1.0,-0.62,15.46,15.3,21.47,17.03,0,0,0,0,0
300853,32.96,10.31,0,419094868.6666667,0.0,10.37,33.9,30.8,30.89,29.88,1.0,26.33,32.68,32.68,32.68,35.86,1,0,0,0,0
300953,164.309,4.26,0,1187591257.5,0.0,4.99,167.892,160.024,160.024,157.591,1.0,5.56,165.71,165.71,165.71,189.11,0,0,0,0,0
300919,64.782,2.24,0,1726015321.0666664,0.0,4.36,65.482,62.722,63.642,63.362,1.0,6.18,65.44,65.44,65.44,76.03,0,0,0,0,0
300969,93.122,6.82,0,431292924.4,0.0,12.11,98.036,87.479,87.972,87.179,1.0,6.51,96.89,96.89,116.66,104.61,0,0,0,0,0
300981,14.651,2.52,0,135086128.73333335,0.0,4.27,14.901,14.291,14.311,14.291,1.0,-0.07,15.53,14.93,17.92,17.15,0,0,0,0,0
301000,27.26,0.44,0,108751434.66666669,0.0,2.36,27.81,27.17,27.66,27.14,1.0,-4.95,30.75,30.47,43.78,32.57,0,0,0,0,0
301013,26.33,4.28,0,373932090.0,0.0,4.71,26.58,25.39,25.6,25.25,1.0,6.9,26.05,26.05,35.35,30.3,0,0,0,0,0
301005,132.722,6.45,0,1604886662.4,0.0,7.57,132.829,123.393,123.536,124.679,1.0,9.97,133.29,133.29,163.17,149.61,0,0,0,0,0
301021,60.95,-0.73,0,431481556.66666675,0.0,4.69,61.89,59.01,61.03,61.4,1.0,-2.51,66.5,66.5,66.5,73.68,0,0,0,0,0
301012,36.61,4.04,0,547258950.0,0.0,5.68,37.82,35.82,35.86,35.19,1.0,7.33,38.99,38.99,38.99,42.23,1,0,0,0,0
300984,65.12,2.15,0,254280811.00000003,0.0,5.91,65.88,62.11,63.0,63.75,1.0,10.0,65.3,65.3,89.96,76.5,0,0,0,0,0
301042,76.449,-1.65,0,177724388.79999998,0.0,3.2,78.214,75.729,77.868,77.731,1.0,7.71,77.89,77.89,79.62,93.28,0,0,0,0,0
301041,29.82,0.24,0,125745071.0,0.0,2.79,30.49,29.66,29.99,29.75,1.0,3.25,30.7,30.7,32.48,35.7,0,0,0,0,0
300903,52.0,4.69,0,1677882079.9999998,0.0,8.44,52.79,48.6,50.0,49.67,1.0,29.06,51.81,51.81,51.81,59.6,1,0,0,0,0
301069,22.68,2.86,0,228571244.0,0.0,3.54,22.83,22.05,22.21,22.05,1.0,3.56,22.7,22.7,33.75,26.46,0,0,0,0,0
301085,78.23,11.61,0,597517143.6666666,0.0,10.47,79.34,72.0,72.2,70.09,1.0,12.97,74.5,74.5,78.25,84.11,0,0,0,0,0
301091,21.49,1.13,0,104228150.66666667,0.0,2.45,21.97,21.45,21.45,21.25,1.0,0.89,24.61,23.69,30.36,25.5,0,0,0,0,0
301092,40.34,-1.92,0,174382833.33333334,0.0,6.22,42.36,39.8,42.35,41.13,1.0,16.19,41.99,41.99,43.17,49.36,0,0,0,0,0
301132,38.36,4.58,0,321054395.0,0.0,6.9,39.41,36.88,37.43,36.68,1.0,-1.29,43.63,43.18,43.63,44.02,0,0,0,0,0
301120,20.296,3.68,0,222348172.8,0.0,4.09,20.396,19.596,19.706,19.576,1.0,0.25,24.4,24.4,29.87,23.49,0,0,0,0,0
301117,32.236,2.8,0,138922569.59999996,0.0,3.87,32.857,31.643,31.793,31.357,1.0,1.71,34.5,34.5,60.34,37.63,0,0,0,0,0
301150,53.953,9.79,0,1083652997.9,0.0,14.32,56.078,49.042,51.361,49.143,1.0,24.18,51.29,51.29,51.29,58.97,0,0,0,0,0
301188,25.883,-3.25,0,488922088.33333325,0.0,7.03,27.673,25.793,26.923,26.753,1.0,-6.47,29.15,29.15,29.15,32.1,1,0,0,0,0
301189,61.429,5.78,0,559621538.1000001,0.0,8.89,62.307,57.143,58.729,58.072,1.0,5.29,64.18,63.43,64.18,69.69,0,0,0,0,0
301199,21.87,2.05,0,78643393.33333333,0.0,7.7,22.99,21.34,21.34,21.43,1.0,-1.49,22.96,22.96,26.16,25.72,0,0,0,0,0
301205,261.75,11.19,0,3105586642.9999995,0.0,12.56,272.56,243.0,245.99,235.4,1.0,1.64,302.68,302.68,302.68,282.48,0,0,0,0,0
301176,42.39,13.49,0,637436340.0,0.0,13.63,43.0,37.91,38.86,37.35,1.0,44.48,39.45,39.45,39.45,44.82,1,0,0,0,0
301217,88.55,13.03,0,6029616895.0,0.0,21.96,92.5,75.3,78.55,78.34,1.0,88.4,82.49,82.49,82.49,94.01,1,1,0,0,0
301232,159.654,2.57,0,1068591936.1333333,0.0,7.44,165.867,154.285,155.357,155.658,1.0,5.38,177.31,177.31,182.53,186.79,0,0,0,0,0
301238,22.67,2.63,0,460902656.6666666,0.0,2.35,22.7,22.18,22.25,22.09,1.0,7.39,22.6,22.6,27.09,26.51,0,0,0,0,0
301235,56.796,12.68,0,658107066.5999999,0.0,11.88,58.396,52.406,52.406,50.406,1.0,10.68,61.31,61.31,61.31,60.49,1,0,0,0,0
301226,39.24,1.84,0,182566003.00000003,0.0,2.78,39.72,38.65,38.65,38.53,1.0,5.09,45.06,41.16,49.94,46.24,0,0,0,0,0
301248,88.04,3.33,0,1038438152.0,0.0,5.97,92.28,87.19,89.0,85.2,1.0,29.24,91.57,91.57,91.57,102.24,1,0,0,0,0
301251,46.086,2.61,0,279533991.0,0.0,4.87,47.293,45.107,45.729,44.914,1.0,0.97,51.44,49.43,54.38,53.9,0,0,0,0,0
301259,27.676,0.25,0,136452684.5,0.0,2.7,28.152,27.407,27.752,27.607,1.0,5.52,28.28,28.28,28.28,33.13,1,0,0,0,0
301261,88.08,1.5,0,493768075.6666667,0.0,3.65,88.85,85.68,86.79,86.78,1.0,19.22,94.11,94.11,113.87,104.14,1,0,0,0,0
301325,43.5,-0.66,0,137473205.33333334,0.0,3.59,44.59,43.02,43.79,43.79,1.0,-3.27,46.78,46.78,67.0,52.55,0,0,0,0,0
301306,172.18,3.9,0,1160202808.0,0.0,6.75,174.98,163.8,164.0,165.72,1.0,6.75,188.5,188.5,188.5,198.86,1,1,0,0,0
301297,43.6,0.93,0,913487725.3333333,0.0,3.91,44.99,43.3,44.44,43.2,1.0,10.46,45.13,45.13,45.13,51.84,0,0,0,0,0
301338,155.336,12.45,0,1000565446.2333335,0.0,14.87,158.122,137.579,138.143,138.143,1.0,22.17,140.36,140.36,150.33,165.77,1,0,0,0,0
301326,180.9,-1.67,0,513113297.99999994,0.0,8.54,190.74,175.02,186.9,183.97,1.0,13.77,191.91,191.91,191.91,220.76,0,0,0,0,0
301358,109.544,7.52,0,5340574814.933333,0.0,9.7,109.644,99.764,103.364,101.884,1.0,25.99,108.63,108.63,108.63,122.26,1,0,0,0,0
301349,42.663,2.0,0,137520795.39999998,0.0,2.62,42.885,41.79,41.79,41.826,1.0,0.05,46.67,46.67,48.32,50.19,0,0,0,0,0
301366,40.89,6.62,0,396774846.0,0.0,7.9,41.7,38.67,39.02,38.35,1.0,10.81,39.44,39.44,40.0,46.02,0,0,0,0,0
301369,118.61,1.27,0,158968776.56666666,0.0,4.03,122.494,117.769,120.528,117.127,1.0,3.68,122.36,122.36,122.36,140.55,0,0,0,0,0
301200,184.14,1.18,0,911862987.9999999,0.0,3.75,187.4,180.58,183.42,181.99,1.0,-0.98,207.34,207.34,207.34,218.39,0,0,0,0,0
301368,50.28,1.78,0,93174697.0,0.0,2.33,50.75,49.6,49.9,49.4,1.0,5.3,55.88,53.84,74.0,59.28,0,0,0,0,0
301389,66.033,5.83,0,883567422.3,0.0,9.76,67.883,61.793,62.733,62.393,1.0,14.1,68.47,68.47,68.47,74.87,0,0,0,0,0
301377,237.55,1.23,0,1064260288.0000001,0.0,5.78,244.57,231.0,235.0,234.66,1.0,6.6,243.2,243.0,243.2,281.59,0,0,0,0,0
301396,242.093,7.07,0,2534421043.466666,0.0,10.64,248.914,224.857,234.857,226.1,1.0,2.01,248.86,248.86,248.86,271.32,1,0,0,0,0
301392,163.42,4.75,0,1202417329.6666667,0.0,11.83,172.35,153.9,157.23,156.01,1.0,1.56,171.76,171.76,171.76,187.21,0,0,0,0,0
301413,78.131,1.18,0,230294305.03333333,0.0,3.16,79.169,76.731,77.308,77.223,1.0,1.81,97.64,96.69,137.45,92.67,0,0,0,0,0
301468,45.923,11.05,0,540749028.2333333,0.0,11.96,46.346,41.4,41.639,41.354,1.0,15.03,44.98,44.98,61.92,49.62,0,0,0,0,0
301292,91.71,8.11,0,1956906663.9999998,0.0,8.74,92.77,85.36,86.51,84.83,1.0,8.73,106.86,100.88,106.86,101.8,1,0,0,0,0
301500,30.59,4.98,0,1112905181.6666667,0.0,7.82,31.0,28.72,28.72,29.14,1.0,21.05,33.16,33.16,33.16,34.97,1,0,0,0,0
301487,25.69,5.46,0,646909466.6666666,0.0,4.8,25.74,24.57,24.84,24.36,1.0,11.02,25.29,25.29,28.75,29.23,0,0,0,0,0
301486,231.66,6.61,0,2184288000.0,0.0,7.98,235.96,218.63,227.77,217.3,1.0,17.83,226.0,226.0,253.33,260.76,1,0,0,0,0
301522,32.417,2.21,0,212141187.0,0.0,3.06,32.777,31.807,31.807,31.717,1.0,2.92,33.73,33.73,50.76,38.06,0,0,0,0,0
301536,86.141,4.86,0,1234746581.0333333,0.0,5.28,87.811,83.471,84.301,82.151,1.0,5.95,88.2,88.2,88.2,98.58,0,0,0,0,0
301565,22.69,2.16,0,122207239.99999999,0.0,2.75,22.86,22.25,22.25,22.21,1.0,6.93,22.58,22.58,33.33,26.65,0,0,0,0,0
301526,18.97,17.97,0,4737754704.666666,0.0,17.16,19.28,16.52,16.52,16.08,1.0,28.7,17.37,17.37,17.37,19.3,0,0,0,0,0
301511,90.14,20.03,1,3775230886.666666,0.0,18.91,90.14,75.94,76.98,75.1,1.0,49.83,76.24,76.24,76.24,90.12,1,0,1,1,0
301517,70.0,-0.28,0,495822528.0,0.0,3.53,71.86,69.38,69.6,70.2,1.0,1.95,75.7,75.7,103.99,84.24,1,1,0,0,0
301596,48.686,-0.26,0,71937281.60000001,0.0,2.49,49.5,48.286,48.821,48.814,1.0,2.95,53.84,53.84,59.39,58.58,0,0,0,0,0
301566,24.72,2.45,0,452437823.00000006,0.0,2.53,25.04,24.43,24.63,24.13,1.0,5.19,25.53,25.53,27.22,28.96,0,0,0,0,0
301550,116.048,5.4,0,703255705.2,0.0,7.77,117.31,108.759,110.131,110.103,1.0,12.56,122.41,113.06,146.57,132.12,0,0,0,0,0
301629,306.196,0.43,0,811965642.7333332,0.0,6.29,322.626,303.436,311.746,304.876,1.0,-3.18,366.25,366.25,373.68,365.85,1,0,0,0,0
301589,172.81,1.33,0,128607960.00000003,0.0,3.42,176.85,171.02,173.02,170.54,1.0,1.18,177.16,176.14,219.02,204.65,0,0,0,0,0
301630,251.47,0.95,0,428493480.6666667,0.0,3.79,255.5,246.05,248.01,249.1,1.0,9.82,265.65,265.65,265.65,298.92,0,0,0,0,0
301662,128.241,2.36,0,371385259.00000006,0.0,8.29,131.007,120.621,122.414,125.283,1.0,19.79,125.31,125.31,143.03,150.34,1,0,0,0,0
301678,60.94,4.55,0,199377343.00000003,0.0,3.65,60.95,58.82,59.0,58.29,1.0,4.17,63.86,63.86,89.35,69.95,0,0,0,0,0
600067,3.511,-2.77,0,167925905.3,0.0,3.6,3.621,3.491,3.591,3.611,1.0,-10.68,4.17,4.17,5.12,3.97,0,0,0,0,0
600089,27.78,3.58,0,5921822175.333333,0.0,3.99,27.96,26.89,26.9,26.82,1.0,3.04,28.54,28.27,33.28,29.5,0,0,0,0,0
600031,20.91,2.75,0,3102683701.0,0.0,3.64,21.05,20.31,20.6,20.35,1.0,7.12,21.14,20.78,24.29,22.39,0,0,0,0,0
600105,43.665,3.0,0,6468401020.999999,0.0,4.1,44.765,43.025,43.295,42.395,1.0,-10.88,50.98,50.98,50.98,46.63,1,0,0,0,0
600096,34.98,0.0,0,2167914185.9999995,0.0,3.74,35.11,33.8,35.08,34.98,1.0,1.48,35.66,35.66,44.42,38.48,0,0,0,0,0
600104,13.67,-0.8,0,691167086.0,0.0,1.23,13.78,13.61,13.77,13.78,1.0,-0.29,14.83,14.05,16.17,15.16,0,0,0,0,0
600108,4.38,0.92,0,266846681.99999997,0.0,2.3,4.43,4.33,4.4,4.34,1.0,2.58,4.7,4.67,7.17,4.77,0,0,0,0,0
600030,27.08,1.01,0,4849172792.0,0.0,2.05,27.43,26.88,26.88,26.81,1.0,4.88,27.37,27.37,29.55,29.49,0,0,0,0,0
600110,11.45,6.51,0,2292334164.0,0.0,8.0,11.49,10.63,10.94,10.75,1.0,17.32,11.34,11.34,11.34,11.83,0,0,0,0,0
600111,55.39,4.69,0,12996163297.666668,0.0,5.75,55.42,52.38,52.99,52.91,1.0,17.58,53.22,53.22,63.44,58.2,1,0,0,0,0
600116,6.68,1.52,0,200238809.33333334,0.0,1.82,6.69,6.57,6.58,6.58,1.0,1.37,6.9,6.89,7.3,7.24,0,0,0,0,0
600141,33.14,1.53,0,1079348139.0,0.0,4.14,33.3,31.95,32.65,32.64,1.0,0.36,33.82,33.82,45.49,35.9,0,0,0,0,0
600143,17.36,1.22,0,994125600.0,0.0,1.87,17.48,17.16,17.17,17.15,1.0,3.89,17.43,17.43,22.01,18.86,0,0,0,0,0
600118,107.1,4.18,0,7690143438.666666,0.0,8.54,109.98,101.2,102.0,102.8,1.0,11.21,105.0,105.0,127.77,113.08,1,0,0,0,0
600157,1.78,0.56,0,1105094488.0,0.0,1.13,1.79,1.77,1.77,1.77,1.0,5.95,1.82,1.81,2.1,1.95,0,0,0,0,0
600156,11.19,3.71,0,820746877.9999999,0.0,7.23,11.25,10.47,11.01,10.79,1.0,22.83,12.28,12.28,12.28,11.87,1,0,0,0,0
600167,6.8,1.95,0,80684656.0,0.0,2.1,6.81,6.67,6.67,6.67,1.0,1.95,7.29,7.29,9.7,7.34,0,0,0,0,0
600176,36.81,7.29,0,6025974570.0,0.0,7.52,37.59,35.01,35.01,34.31,1.0,12.19,36.07,36.07,36.07,37.74,0,0,0,0,0
600183,80.01,5.68,0,4824933888.666667,0.0,5.24,81.97,78.0,78.0,75.71,1.0,11.39,80.07,80.07,80.07,83.28,0,0,0,0,0
600160,36.66,1.13,0,1556528885.9999998,0.0,3.2,36.88,35.72,36.26,36.25,1.0,5.74,37.01,37.01,43.54,39.88,0,0,0,0,0
600186,11.4,6.34,0,4641818764.0,0.0,7.65,11.53,10.71,10.95,10.72,1.0,24.73,11.55,11.55,11.55,11.79,1,0,0,0,0
600188,22.89,0.18,0,1330242553.333333,0.0,4.6,23.05,22.0,22.0,22.85,1.0,10.69,23.6,23.6,23.6,25.14,0,0,0,0,0
600206,27.984,2.6,0,3352797156.5333333,0.0,4.62,29.194,27.934,28.264,27.274,1.0,5.5,27.65,27.65,27.65,30.0,1,0,0,0,0
600170,2.71,0.37,0,376552873.99999994,0.0,0.74,2.72,2.7,2.71,2.7,1.0,1.88,2.86,2.76,3.26,2.97,0,0,0,0,0
600219,5.344,2.1,0,1412364100.2666667,0.0,3.44,5.354,5.174,5.264,5.234,1.0,-6.8,6.28,6.28,8.31,5.76,0,0,0,0,0
600246,11.53,2.22,0,2389060186.0000005,0.0,4.96,11.96,11.4,11.82,11.28,1.0,18.87,11.28,11.28,14.9,12.41,1,1,0,0,0
600210,7.01,0.43,0,218050144.0,0.0,1.0,7.05,6.98,7.01,6.98,1.0,1.3,7.34,7.34,8.22,7.68,0,0,0,0,0
600301,55.19,10.07,1,1072402231.3333335,0.0,9.23,55.19,50.56,51.27,50.14,1.0,2.87,57.61,57.61,77.38,55.15,0,0,1,1,0
600338,26.48,-3.99,0,4166876092.333334,0.0,5.11,27.58,26.17,27.17,27.58,1.0,17.32,28.28,28.28,28.28,30.34,1,0,0,0,0
600309,88.48,0.22,0,3143486126.6666665,0.0,3.48,88.52,85.45,88.31,88.29,1.0,0.22,91.89,89.67,95.75,97.12,0,0,0,0,0
600343,34.78,0.75,0,1320687232.6666665,0.0,2.84,35.53,34.55,34.57,34.52,1.0,-0.66,38.88,38.88,50.88,37.97,0,0,0,0,0
600345,48.99,0.68,0,757613780.0000001,0.0,3.49,50.66,48.96,49.2,48.66,1.0,-2.8,57.08,55.27,57.08,53.53,0,0,0,0,0
600330,27.01,-3.16,0,7418374842.0,0.0,4.55,27.86,26.59,27.1,27.89,1.0,4.33,28.48,28.48,28.48,30.68,1,0,0,0,0
600352,12.94,-0.61,0,759648736.6666666,0.0,3.38,13.24,12.8,13.18,13.02,1.0,-2.78,14.17,13.69,17.01,14.32,0,0,0,0,0
600367,23.8,1.45,0,977584355.9999999,0.0,3.5,23.88,23.06,23.47,23.46,1.0,5.03,23.86,23.86,28.99,25.81,1,0,0,0,0
600362,46.93,3.23,0,2759512847.6666665,0.0,4.0,47.1,45.28,45.6,45.46,1.0,4.78,48.84,47.5,70.7,50.01,0,0,0,0,0
600378,36.208,0.56,0,672727024.1999999,0.0,2.8,36.398,35.388,36.368,36.008,1.0,3.87,36.11,36.11,39.94,39.61,0,0,0,0,0
600392,26.68,2.5,0,2414302428.0,0.0,4.65,26.75,25.54,26.08,26.03,1.0,6.81,27.96,27.96,33.68,28.63,1,0,0,0,0
600346,22.56,3.49,0,1206029725.3333333,0.0,6.06,22.79,21.47,22.16,21.8,1.0,-2.55,24.82,24.82,26.97,23.98,0,0,0,0,0
600397,14.62,1.88,0,610676600.0,0.0,4.6,14.76,14.1,14.23,14.35,1.0,4.28,15.48,15.48,22.6,15.79,1,0,0,0,0
600409,7.7,-0.77,0,301119504.0,0.0,3.87,7.86,7.56,7.86,7.76,1.0,0.13,7.99,7.99,9.5,8.54,0,0,0,0,0
600470,6.94,-0.57,0,182881035.66666666,0.0,2.72,6.98,6.79,6.96,6.98,1.0,-1.84,7.31,7.26,9.44,7.68,0,0,0,0,0
600460,29.66,2.63,0,2272854832.0,0.0,2.42,30.1,29.4,29.6,28.9,1.0,6.61,29.31,29.31,34.98,31.79,0,0,0,0,0
600373,8.34,2.96,0,177739761.33333334,0.0,3.33,8.38,8.11,8.15,8.1,1.0,3.22,8.53,8.32,11.89,8.91,0,0,0,0,0
600480,10.0,1.94,0,329179322.0,0.0,2.45,10.09,9.85,9.88,9.81,1.0,-1.77,11.53,11.29,12.98,10.79,0,0,0,0,0
600498,48.59,4.09,0,5521798941.333333,0.0,5.25,49.85,47.4,47.4,46.68,1.0,-7.02,57.35,57.35,61.78,51.35,0,0,0,0,0
600489,27.04,4.16,0,2103627565.0000002,0.0,3.97,27.1,26.07,26.22,25.96,1.0,5.91,28.78,27.64,41.48,28.56,0,0,0,0,0
600497,9.29,4.26,0,1614316237.3333333,0.0,5.27,9.38,8.91,8.95,8.91,1.0,2.43,9.57,9.57,11.86,9.8,0,0,0,0,0
600500,4.78,3.91,0,355384550.0,0.0,6.3,4.88,4.59,4.65,4.6,1.0,11.16,4.72,4.72,5.03,5.06,0,0,0,0,0
600499,19.36,2.16,0,906860456.6666666,0.0,3.11,19.54,18.95,19.18,18.95,1.0,-0.77,20.48,20.48,20.48,20.85,1,0,0,0,0
600520,30.26,2.72,0,301238300.0,0.0,3.67,30.66,29.58,29.98,29.46,1.0,4.02,30.88,30.88,31.72,32.41,1,0,0,0,0
600522,34.89,5.34,0,8111440033.666666,0.0,4.77,35.25,33.67,33.67,33.12,1.0,5.06,36.53,36.53,36.53,36.43,1,0,0,0,0
600487,71.8,9.28,0,13510486426.333332,0.0,7.26,72.27,67.5,67.5,65.7,1.0,3.25,74.49,74.49,74.49,72.27,1,0,0,0,0
600549,59.31,3.36,0,4631404861.000001,0.0,6.97,59.7,55.7,57.2,57.38,1.0,-3.37,66.37,66.37,81.16,63.12,0,0,0,0,0
600550,15.5,3.68,0,886001347.6666666,0.0,3.55,15.55,15.02,15.11,14.95,1.0,3.2,16.38,16.37,19.58,16.45,0,0,0,0,0
600584,48.2,5.79,0,7261417703.0,0.0,2.92,49.18,47.85,47.86,45.56,1.0,7.37,46.95,46.95,54.63,50.12,0,0,0,0,0
600589,11.08,10.03,1,2561704086.333333,0.0,4.67,11.08,10.61,10.66,10.07,1.0,7.78,11.96,11.41,15.25,11.08,0,0,1,1,0
600418,49.09,3.7,0,3670751284.0000005,0.0,5.45,50.18,47.6,47.6,47.34,1.0,10.34,49.15,49.15,58.79,52.07,1,0,0,0,0
600592,19.265,1.37,0,134993461.16666666,0.0,2.42,19.455,18.995,18.995,19.005,1.0,-1.28,20.48,20.48,30.36,20.91,0,0,0,0,0
600596,12.35,-0.32,0,343391130.0,0.0,3.07,12.49,12.11,12.37,12.39,1.0,-1.2,12.7,12.7,13.94,13.63,0,0,0,0,0
600601,11.86,1.63,0,2372621586.0000005,0.0,2.14,11.99,11.74,11.88,11.67,1.0,2.95,12.31,12.31,13.86,12.84,1,0,0,0,0
600604,4.91,1.66,0,43821672.0,0.0,1.86,4.92,4.83,4.85,4.83,1.0,-2.19,5.21,5.21,6.36,5.31,0,0,0,0,0
600552,15.87,2.45,0,1032620120.0000001,0.0,3.81,16.16,15.57,15.65,15.49,1.0,5.59,16.52,16.52,16.72,17.04,1,0,0,0,0
600619,18.25,1.96,0,709966406.6666666,0.0,3.35,18.48,17.88,17.89,17.9,1.0,6.23,18.66,18.66,23.65,19.69,0,0,0,0,0
600635,5.31,0.38,0,185201657.66666666,0.0,1.13,5.32,5.26,5.27,5.29,1.0,-0.38,5.65,5.63,8.4,5.82,0,0,0,0,0
600633,13.51,4.32,0,971949960.0000001,0.0,4.71,13.62,13.01,13.03,12.95,1.0,-9.45,14.92,14.92,17.62,14.25,1,0,0,0,0
600637,10.27,2.91,0,827670556.6666666,0.0,3.81,10.38,10.0,10.02,9.98,1.0,4.05,11.0,11.0,16.12,10.98,1,0,0,0,0
600640,12.53,1.05,0,88546476.66666667,0.0,1.77,12.65,12.43,12.45,12.4,1.0,-2.41,13.05,13.05,16.5,13.64,0,0,0,0,0
600667,10.16,5.94,0,2028247753.3333335,0.0,3.75,10.48,10.12,10.15,9.59,1.0,4.63,10.57,10.48,12.12,10.55,0,0,0,0,0
600673,38.94,10.0,1,448468085.99999994,0.0,0.0,38.94,38.94,38.94,35.4,1.0,18.94,36.6,35.95,41.58,38.94,0,0,1,1,1
600501,23.79,0.76,0,227343734.66666666,0.0,1.91,24.11,23.66,23.9,23.61,1.0,4.2,24.63,24.63,39.97,25.97,0,0,0,0,0
600707,8.22,1.61,0,998306639.9999999,0.0,4.2,8.46,8.12,8.23,8.09,1.0,1.86,9.17,9.17,9.17,8.9,1,0,0,0,0
600755,6.12,0.82,0,130152990.66666667,0.0,1.65,6.13,6.03,6.06,6.07,1.0,3.2,6.38,6.24,8.5,6.68,0,0,0,0,0
600711,14.021,2.26,0,1505243311.3666666,0.0,4.3,14.071,13.481,13.781,13.711,1.0,-0.5,14.75,14.75,18.68,15.08,0,0,0,0,0
600699,29.552,4.27,0,1959907697.0666668,0.0,4.02,29.562,28.422,28.572,28.342,1.0,2.96,29.92,29.92,33.41,31.18,1,0,0,0,0
600770,8.38,9.97,1,1335356500.0000002,0.0,6.69,8.38,7.87,8.2,7.62,1.0,20.23,8.39,8.39,8.39,8.38,1,0,1,1,0
600773,27.49,1.07,0,1245846653.3333333,0.0,5.88,28.25,26.65,27.7,27.2,1.0,11.48,28.88,28.88,28.88,29.92,0,0,0,0,0
600775,12.84,4.05,0,404617941.0,0.0,6.24,13.18,12.41,12.41,12.34,1.0,0.23,13.96,13.75,20.03,13.57,0,0,0,0,0
600783,21.93,0.92,0,551604456.0,0.0,2.72,22.27,21.68,21.7,21.73,1.0,-3.14,23.85,23.85,39.44,23.9,0,0,0,0,0
600797,9.03,3.08,0,320669989.3333334,0.0,2.97,9.11,8.85,8.86,8.76,1.0,-0.77,9.66,9.66,11.99,9.64,0,0,0,0,0
600800,4.91,6.97,0,533254259.99999994,0.0,10.68,5.05,4.56,4.58,4.59,1.0,7.21,5.21,5.21,5.55,5.05,1,0,0,0,0
600835,24.33,0.75,0,279240190.6666667,0.0,2.28,24.64,24.09,24.16,24.15,1.0,3.71,24.68,24.68,33.8,26.57,0,0,0,0,0
600848,9.15,1.89,0,147218196.33333334,0.0,2.45,9.19,8.97,9.01,8.98,1.0,0.55,10.2,9.76,14.19,9.88,0,0,0,0,0
600855,18.82,1.07,0,293279610.0,0.0,2.52,19.1,18.63,18.71,18.62,1.0,-0.05,22.0,22.0,30.0,20.48,0,0,0,0,0
600832,22.28,-9.83,0,4496533951.0,0.0,8.3,24.29,22.24,24.29,24.71,1.0,16.34,26.7,26.7,26.7,27.18,1,0,0,0,0
600879,25.17,5.01,0,4913185830.0,0.0,6.13,25.5,24.03,24.08,23.97,1.0,6.56,25.99,25.99,32.24,26.37,0,0,0,0,0
600885,33.083,7.44,0,1918393462.733333,0.0,8.12,33.233,30.733,31.053,30.793,1.0,16.68,31.45,31.45,34.7,33.87,0,0,0,0,0
600895,37.68,2.89,0,1548804114.0000002,0.0,4.26,38.37,36.81,36.98,36.62,1.0,2.11,38.17,37.95,49.34,40.28,0,0,0,0,0
600868,3.51,2.93,0,236364718.3333333,0.0,2.93,3.52,3.42,3.43,3.41,1.0,3.24,3.72,3.61,5.43,3.75,0,0,0,0,0
600884,17.69,6.25,0,4069662983.9999995,0.0,7.63,18.07,16.8,16.81,16.65,1.0,17.0,17.53,17.53,17.53,18.32,0,0,0,0,0
600933,16.73,0.97,0,386091594.0,0.0,2.78,16.96,16.5,16.7,16.57,1.0,2.39,17.27,17.08,22.16,18.23,0,0,0,0,0
600961,27.51,3.85,0,1753924614.0,0.0,3.78,27.74,26.74,26.74,26.49,1.0,-8.97,31.5,31.5,31.5,29.14,1,0,0,0,0
600959,3.93,1.29,0,172657633.3333333,0.0,2.06,3.95,3.87,3.87,3.88,1.0,1.81,4.28,4.17,4.83,4.27,0,0,0,0,0
600979,5.13,2.81,0,362194107.0,0.0,2.0,5.13,5.03,5.05,4.99,1.0,3.85,5.71,5.71,5.99,5.49,1,0,0,0,0
600962,21.94,0.87,0,114080003.99999999,0.0,2.02,22.19,21.75,22.0,21.75,1.0,5.33,22.47,22.47,25.89,23.93,1,0,0,0,0
600996,8.75,3.55,0,290302481.6666667,0.0,4.26,8.88,8.52,8.52,8.45,1.0,4.42,10.13,9.83,12.92,9.29,0,0,0,0,0
600999,15.99,1.72,0,1040671295.9999999,0.0,1.97,16.04,15.73,15.73,15.72,1.0,4.03,16.19,16.0,17.84,17.29,0,0,0,0,0
601069,34.014,4.87,0,1000380815.3333334,0.0,6.6,34.194,32.054,32.344,32.434,1.0,7.15,35.8,34.27,50.34,35.68,0,0,0,0,0
601020,30.31,5.76,0,1252937110.6666667,0.0,6.84,30.58,28.62,28.67,28.66,1.0,-7.31,34.08,34.08,42.3,31.53,0,0,0,0,0
601100,105.05,0.07,0,1265534434.0,0.0,3.04,105.64,102.45,104.65,104.98,1.0,8.47,110.2,106.75,125.98,115.48,0,0,0,0,0
601133,23.76,4.3,0,818627540.0,0.0,4.04,23.92,23.0,23.13,22.78,1.0,3.53,26.24,26.15,26.24,25.06,0,0,0,0,0
601179,17.43,3.01,0,3297140776.0,0.0,3.25,17.47,16.92,16.92,16.92,1.0,1.28,18.51,18.51,20.65,18.61,0,0,0,0,0
601126,59.13,6.87,0,2527946834.0,0.0,9.09,60.94,55.91,56.27,55.33,1.0,20.11,57.08,57.08,57.08,60.86,0,0,0,0,0
601168,30.85,4.47,0,2405330647.0,0.0,5.35,30.98,29.4,29.86,29.53,1.0,6.31,30.6,30.6,41.18,32.48,0,0,0,0,0
601238,7.03,0.0,0,141214651.66666666,0.0,1.14,7.06,6.98,7.04,7.03,1.0,0.0,7.37,7.3,9.57,7.73,0,0,0,0,0
601288,6.73,-0.88,0,2525627327.9999995,0.0,1.91,6.78,6.65,6.78,6.79,1.0,-2.6,7.16,7.16,8.43,7.47,0,0,0,0,0
601333,3.16,-1.86,0,387599077.3333334,0.0,2.17,3.22,3.15,3.2,3.22,1.0,4.64,3.27,3.27,3.27,3.54,0,0,0,0,0
601208,41.05,4.88,0,3552312656.0,0.0,7.2,41.97,39.15,40.0,39.14,1.0,20.03,39.99,39.99,39.99,43.05,0,0,0,0,0
601390,5.07,-0.2,0,701147626.6666666,0.0,0.59,5.08,5.05,5.08,5.08,1.0,-2.69,5.44,5.33,6.47,5.59,0,0,0,0,0
601512,10.33,2.68,0,193358810.0,0.0,5.07,10.54,10.03,10.06,10.06,1.0,0.98,11.35,11.35,11.35,11.07,1,0,0,0,0
601636,6.31,1.45,0,562597068.0,0.0,3.54,6.36,6.14,6.27,6.22,1.0,0.0,6.95,6.95,7.59,6.84,0,0,0,0,0
601515,4.54,0.0,0,150797415.3333333,0.0,2.42,4.62,4.51,4.6,4.54,1.0,-1.3,5.01,4.79,5.35,4.99,0,0,0,0,0
601336,64.68,0.43,0,1608122288.0,0.0,2.76,65.33,63.55,64.4,64.4,1.0,3.64,67.16,67.16,85.85,70.84,0,0,0,0,0
601678,5.3,-0.19,0,334949472.0,0.0,2.26,5.33,5.21,5.31,5.31,1.0,3.92,5.45,5.45,5.91,5.84,0,0,0,0,0
601689,61.55,3.19,0,2678828584.0,0.0,3.97,62.38,60.01,60.19,59.65,1.0,9.38,61.19,60.94,85.01,65.62,0,0,0,0,0
601698,37.83,3.16,0,2973964926.6666665,0.0,4.23,38.16,36.61,36.67,36.67,1.0,4.82,39.5,39.5,53.88,40.34,1,0,0,0,0
601686,5.59,0.36,0,32050264.999999996,0.0,1.08,5.62,5.56,5.56,5.57,1.0,-0.53,5.94,5.94,6.59,6.13,0,0,0,0,0
601728,5.859,-1.35,0,837817207.2666665,0.0,2.19,5.959,5.829,5.939,5.939,1.0,0.69,5.99,5.99,6.89,6.53,0,0,0,0,0
601877,32.546,1.28,0,1172735495.4666662,0.0,2.21,32.726,32.016,32.186,32.136,1.0,2.36,33.96,32.8,41.54,35.35,0,0,0,0,0
601727,8.15,0.87,0,1286577296.6666667,0.0,1.36,8.17,8.06,8.1,8.08,1.0,2.77,8.22,8.22,9.88,8.89,0,0,0,0,0
601899,34.21,2.73,0,13541843200.000004,0.0,3.51,34.38,33.21,33.5,33.3,1.0,-0.29,36.0,35.86,44.94,36.63,0,0,0,0,0
603009,45.341,-1.0,0,377088577.0,0.0,2.6,46.511,45.321,45.811,45.801,1.0,-2.18,51.94,51.86,56.54,50.38,0,0,0,0,0
603005,31.45,1.52,0,1699559561.9999998,0.0,3.2,32.38,31.39,31.68,30.98,1.0,0.54,32.72,32.72,35.72,34.08,0,0,0,0,0
601958,20.57,5.06,0,989481056.6666666,0.0,5.41,20.66,19.6,19.65,19.58,1.0,4.58,20.86,20.86,27.65,21.54,0,0,0,0,0
603017,15.592,2.23,0,598418899.4666667,0.0,5.38,15.802,14.982,15.392,15.252,1.0,3.18,17.02,16.31,17.8,16.78,1,0,0,0,0
603002,13.915,0.8,0,1065803459.8333335,0.0,4.42,14.425,13.815,13.985,13.805,1.0,-3.2,15.59,15.59,15.59,15.19,0,0,0,0,0
603025,16.33,2.64,0,323856331.3333333,0.0,3.14,16.45,15.95,15.95,15.91,1.0,4.08,16.63,16.63,19.48,17.5,1,0,0,0,0
603026,120.36,4.77,0,3202083565.3333335,0.0,5.45,121.88,115.62,115.62,114.88,1.0,15.71,122.12,122.12,122.12,126.37,1,0,0,0,0
603031,42.39,2.14,0,774198791.0000001,0.0,4.43,43.34,41.5,42.19,41.5,1.0,9.29,42.51,42.51,42.85,45.65,1,0,0,0,0
601900,12.53,0.24,0,128260539.99999999,0.0,1.04,12.59,12.46,12.55,12.5,1.0,-0.79,13.74,13.74,16.84,13.75,0,0,0,0,0
603032,23.607,1.46,0,388880006.06666666,0.0,3.83,23.747,22.857,23.157,23.267,1.0,2.97,23.81,23.81,25.37,25.59,0,0,0,0,0
603051,23.69,1.15,0,184391979.0,0.0,1.71,23.8,23.4,23.58,23.42,1.0,6.47,23.68,23.68,29.97,25.76,0,0,0,0,0
603061,258.02,1.24,0,943960480.0000001,0.0,6.13,265.5,249.88,259.44,254.85,1.0,3.79,275.0,275.0,275.0,280.34,0,0,0,0,0
601869,361.05,2.02,0,6282761998.333333,0.0,4.66,370.0,353.5,362.0,353.9,1.0,-1.93,422.88,422.88,422.88,389.29,0,0,0,0,0
603083,178.94,2.43,0,5960247519.000001,0.0,5.47,185.62,176.07,185.52,174.69,1.0,16.68,187.22,187.22,187.22,192.16,1,0,0,0,0
603078,26.19,5.82,0,918633811.3333334,0.0,4.69,26.48,25.32,25.69,24.75,1.0,10.23,25.19,25.19,31.72,27.23,0,0,0,0,0
603067,37.0,5.77,0,1668932102.9999998,0.0,7.29,37.66,35.11,35.68,34.98,1.0,-1.31,39.81,39.44,48.35,38.48,0,0,0,0,0
603119,64.5,1.91,0,1773084858.8000004,0.0,4.13,65.131,62.515,63.477,63.292,1.0,7.53,64.1,64.09,95.61,69.62,1,1,0,0,0
603110,22.04,-0.41,0,448940352.00000006,0.0,4.52,22.8,21.8,22.06,22.13,1.0,23.34,22.65,22.65,22.65,24.34,1,0,0,0,0
603123,11.93,2.84,0,393324760.3333334,0.0,4.14,12.06,11.58,11.66,11.6,1.0,3.83,14.11,12.69,17.63,12.76,0,0,0,0,0
603131,23.87,5.99,0,956233026.0,0.0,5.73,24.62,23.33,23.67,22.52,1.0,16.38,22.52,22.52,35.18,24.77,1,1,0,0,0
603163,100.35,3.08,0,301947227.99999994,0.0,5.4,103.61,98.35,98.71,97.35,1.0,-3.07,116.01,116.01,149.2,107.09,0,0,0,0,0
603186,81.7,3.35,0,1458701313.3333333,0.0,3.78,83.86,80.87,80.87,79.05,1.0,11.05,82.33,82.33,88.02,86.95,0,0,0,0,0
603175,98.8,2.72,0,506478796.0000001,0.0,6.35,100.99,94.88,98.11,96.18,1.0,4.0,105.0,105.0,105.0,105.8,0,0,0,0,0
603028,8.61,-0.81,0,51069135.0,0.0,2.07,8.75,8.57,8.72,8.68,1.0,3.73,8.72,8.72,10.71,9.55,0,0,0,0,0
603130,46.81,2.52,0,83699778.00000001,0.0,4.42,47.1,45.08,46.08,45.66,1.0,-3.84,50.58,50.58,64.35,50.23,1,0,0,0,0
603191,20.36,4.14,0,277594560.0,0.0,4.19,20.63,19.81,19.85,19.55,1.0,0.64,21.75,21.54,27.64,21.51,0,0,0,0,0
603212,13.98,2.04,0,248374235.6666667,0.0,2.41,14.11,13.78,14.1,13.7,1.0,0.65,14.88,14.88,19.05,15.07,0,0,0,0,0
603220,29.64,4.88,0,1578466954.6666667,0.0,4.53,30.5,29.22,29.22,28.26,1.0,-6.91,34.23,34.23,34.23,31.09,1,0,0,0,0
603203,36.285,1.7,0,295241220.0,0.0,3.6,37.4,36.115,36.692,35.677,1.0,3.85,37.52,37.52,37.52,39.24,1,0,0,0,0
603215,18.4,0.6,0,119841765.00000001,0.0,4.76,18.66,17.79,18.13,18.29,1.0,-7.4,22.22,22.22,23.07,20.12,1,0,0,0,0
603228,69.62,0.0,0,3079906223.0000005,0.0,3.55,71.62,69.15,70.95,69.62,1.0,2.46,75.44,75.44,81.01,76.58,1,0,0,0,0
603278,12.32,10.0,1,224472675.0,0.0,9.2,12.32,11.29,11.34,11.2,1.0,-1.04,13.91,13.91,18.17,12.32,1,0,1,1,0
603267,53.54,1.75,0,513177016.6666667,0.0,2.2,54.56,53.4,53.63,52.62,1.0,4.1,53.46,53.46,68.33,57.88,0,0,0,0,0
603283,41.777,1.92,0,914987956.1,0.0,4.77,43.662,41.708,43.031,40.992,1.0,10.52,42.09,42.09,43.96,45.09,1,0,0,0,0
603260,45.7,2.47,0,469362565.00000006,0.0,3.48,45.75,44.2,44.57,44.6,1.0,2.03,46.04,46.04,67.46,49.06,0,0,0,0,0
603305,15.371,0.79,0,474417812.4,0.0,1.77,15.581,15.311,15.391,15.251,1.0,6.07,15.53,15.53,22.29,16.78,0,0,0,0,0
603300,6.73,2.28,0,466311574.6666667,0.0,3.04,6.82,6.62,6.65,6.58,1.0,-2.32,7.22,7.22,8.57,7.24,0,0,0,0,0
603306,98.732,-2.6,0,2022452686.3999996,0.0,6.35,101.362,94.922,101.222,101.372,1.0,2.35,110.38,110.38,110.38,111.51,0,0,0,0,0
603315,17.18,2.2,0,284788608.0,0.0,3.45,17.34,16.76,17.15,16.81,1.0,-6.12,19.53,19.53,19.53,18.49,1,0,0,0,0
603319,38.14,-0.03,0,700935628.0,0.0,3.25,38.89,37.65,38.82,38.15,1.0,1.98,38.83,38.83,41.35,41.97,0,0,0,0,0
603308,81.39,7.69,0,1829347044.0000002,0.0,7.5,82.76,77.09,77.09,75.58,1.0,-0.97,84.66,84.66,84.66,83.14,1,0,0,0,0
603324,25.9,-0.46,0,72348610.0,0.0,3.23,26.5,25.66,26.06,26.02,1.0,-0.42,28.3,28.3,28.31,28.62,0,0,0,0,0
603256,130.942,10.01,1,1678655368.1333337,0.0,7.35,130.942,122.192,122.432,119.032,1.0,22.45,125.43,125.43,125.43,130.94,1,0,1,1,0
603416,55.43,1.97,0,202472113.0,0.0,5.81,57.18,54.02,54.3,54.36,1.0,6.8,54.5,54.5,67.7,59.8,0,0,0,0,0
603379,63.72,-0.55,0,841058937.9999999,0.0,1.84,63.8,62.62,63.8,64.07,1.0,2.1,65.37,65.37,77.15,70.48,0,0,0,0,0
603312,40.61,3.86,0,98262746.66666667,0.0,4.02,40.88,39.31,39.42,39.1,1.0,1.75,41.94,41.94,64.47,43.01,0,0,0,0,0
603516,133.901,-5.8,0,2313721164.666667,0.0,8.19,144.741,133.101,139.901,142.151,1.0,-8.26,167.38,167.38,267.5,156.37,1,0,0,0,0
603489,37.55,1.49,0,276084884.33333325,0.0,3.84,38.72,37.3,37.71,37.0,1.0,9.28,39.24,39.24,39.24,40.7,1,0,0,0,0
603588,14.79,1.44,0,923812479.9999999,0.0,3.36,14.93,14.44,14.87,14.58,1.0,-2.64,18.56,16.34,18.56,16.04,0,0,0,0,0
603333,8.55,1.3,0,251075034.66666672,0.0,2.96,8.56,8.31,8.44,8.44,1.0,6.74,8.82,8.82,9.22,9.28,0,0,0,0,0
603629,158.85,10.0,1,5144132377.333334,0.0,10.21,158.85,144.11,149.95,144.41,1.0,45.17,144.42,144.42,144.42,158.85,1,1,0,4,0
603505,18.86,2.84,0,430443916.3333333,0.0,2.78,19.09,18.58,18.61,18.34,1.0,5.84,18.8,18.8,23.09,20.17,0,0,0,0,0
603650,55.642,4.08,0,994341561.5999999,0.0,3.65,56.382,54.432,54.432,53.462,1.0,1.33,58.06,58.06,64.27,58.81,0,0,0,0,0
603530,62.21,2.64,0,351804404.0,0.0,3.04,62.61,60.77,60.86,60.61,1.0,2.59,63.36,63.36,73.59,66.67,0,0,0,0,0
603601,16.72,5.56,0,4972313604.000001,0.0,9.09,17.43,15.99,15.99,15.84,1.0,18.0,16.64,16.64,16.64,17.42,0,0,0,0,0
603659,37.17,2.48,0,2588722033.333333,0.0,3.94,37.43,36.0,36.7,36.27,1.0,1.25,37.66,37.66,37.66,39.9,0,0,0,0,0
603662,57.13,1.65,0,267550708.33333334,0.0,2.17,57.57,56.35,56.35,56.2,1.0,2.37,57.85,57.85,73.3,61.82,0,0,0,0,0
603636,9.18,2.46,0,131229300.0,0.0,3.24,9.28,8.99,9.02,8.96,1.0,2.57,9.43,9.37,15.02,9.86,0,0,0,0,0
603663,45.9,-0.97,0,483423500.0,0.0,3.56,47.25,45.6,47.0,46.35,1.0,-5.65,49.48,49.48,56.9,50.99,0,0,0,0,0
600666,5.76,9.92,1,2045280813.3333333,0.0,7.25,5.76,5.38,5.38,5.24,1.0,-3.84,7.57,7.57,7.57,5.76,0,0,1,1,0
603661,30.13,-1.31,0,82597791.66666666,0.0,2.62,30.76,29.96,30.43,30.53,1.0,-3.8,32.84,32.6,35.8,33.58,0,0,0,0,0
603678,32.92,1.51,0,359481192.0,0.0,3.33,33.9,32.82,32.82,32.43,1.0,-4.22,35.95,35.95,44.12,35.67,0,0,0,0,0
603679,15.17,1.47,0,82441846.0,0.0,1.94,15.25,14.96,15.07,14.95,1.0,11.38,15.28,15.05,21.24,16.45,0,0,0,0,0
603666,28.68,1.34,0,132482635.66666667,0.0,3.57,29.15,28.14,28.29,28.3,1.0,3.35,29.8,29.8,36.78,31.13,0,0,0,0,0
603690,25.32,1.81,0,382218997.33333325,0.0,3.38,26.0,25.16,25.31,24.87,1.0,-2.28,26.49,26.49,35.26,27.36,0,0,0,0,0
603667,67.07,1.22,0,1066311535.6666667,0.0,2.66,68.05,66.29,66.29,66.26,1.0,0.24,73.88,72.64,96.57,72.89,0,0,0,0,0
603687,17.58,2.33,0,1333357172.3333333,0.0,5.76,17.84,16.85,17.09,17.18,1.0,5.27,20.8,20.8,20.8,18.9,1,1,0,0,0
603728,60.005,1.15,0,423145208.8333333,0.0,2.46,60.775,59.315,59.325,59.325,1.0,5.19,60.16,60.16,77.88,65.26,0,0,0,0,0
603738,38.85,1.38,0,1992405635.3333333,0.0,5.9,40.15,37.89,38.38,38.32,1.0,-2.41,43.0,43.0,43.0,42.15,1,0,0,0,0
603773,66.8,-3.68,0,2389372949.3333335,0.0,9.57,72.0,65.36,72.0,69.35,1.0,14.58,72.75,72.75,72.75,76.28,1,0,0,0,0
603799,67.47,2.09,0,6422109896.0,0.0,4.15,67.55,64.81,66.09,66.09,1.0,4.96,68.3,68.3,81.67,72.7,0,0,0,0,0
603800,52.38,0.89,0,469421519.00000006,0.0,5.18,53.8,51.11,51.91,51.92,1.0,10.39,52.5,52.5,58.71,57.11,0,0,0,0,0
603809,11.03,1.38,0,142626843.0,0.0,2.21,11.12,10.88,10.88,10.88,1.0,4.55,11.31,11.15,15.37,11.97,0,0,0,0,0
603867,34.85,2.86,0,270847210.6666666,0.0,3.66,35.1,33.86,34.4,33.88,1.0,4.69,34.59,34.59,39.2,37.27,0,0,0,0,0
603858,16.29,0.06,0,102813422.00000001,0.0,1.72,16.55,16.27,16.35,16.28,1.0,-0.61,17.09,16.85,18.47,17.91,0,0,0,0,0
603810,15.853,-0.63,0,57885644.2,0.0,3.38,16.123,15.583,16.053,15.953,1.0,3.06,16.16,16.15,19.2,17.55,0,0,0,0,0
603876,32.55,9.37,0,1777501279.0,0.0,9.41,32.68,29.88,30.2,29.76,1.0,20.78,30.69,30.69,30.69,32.74,1,0,0,0,0
603906,33.6,1.3,0,2360404704.0,0.0,4.73,34.28,32.71,33.79,33.17,1.0,3.19,34.52,34.52,34.52,36.49,1,0,0,0,0
603915,15.84,1.47,0,145314017.33333334,0.0,2.69,16.1,15.68,15.79,15.61,1.0,4.83,16.2,16.2,19.3,17.17,0,0,0,0,0
603928,12.392,1.77,0,69576089.8,0.0,2.03,12.439,12.192,12.223,12.177,1.0,4.0,12.28,12.28,13.92,13.39,0,0,0,0,0
603859,41.05,4.96,0,343137002.0,0.0,6.62,42.0,39.41,39.61,39.11,1.0,2.37,42.09,42.09,59.77,43.02,0,0,0,0,0
603823,16.97,2.41,0,145818998.33333334,0.0,3.14,17.0,16.48,16.81,16.57,1.0,4.37,16.66,16.66,20.05,18.23,0,0,0,0,0
603931,39.875,3.21,0,528334582.5000001,0.0,4.79,40.545,38.695,39.115,38.635,1.0,27.99,39.55,39.55,39.81,42.5,1,0,0,0,0
603938,29.638,5.11,0,478250337.26666665,0.0,5.82,30.148,28.508,28.778,28.198,1.0,-0.4,30.94,30.94,32.04,31.02,0,0,0,0,0
603948,26.44,-0.6,0,57326116.0,0.0,2.86,26.79,26.03,26.65,26.6,1.0,0.92,27.42,27.42,34.97,29.26,0,0,0,0,0
603978,29.63,9.99,1,529521921.0,0.0,8.24,29.63,27.41,27.41,26.94,1.0,16.24,27.99,27.99,39.82,29.63,0,0,1,1,0
603936,17.04,10.01,1,204370650.00000003,0.0,4.97,17.04,16.27,16.37,15.49,1.0,5.9,16.87,16.87,16.87,17.04,0,0,1,1,0
603985,28.67,10.02,1,1655983408.6666665,0.0,8.37,28.67,26.49,26.56,26.06,1.0,13.36,29.51,29.51,29.51,28.67,0,0,1,1,0
605020,26.54,0.34,0,351175799.3333333,0.0,1.06,26.7,26.42,26.65,26.45,1.0,0.72,27.73,27.73,30.51,29.1,0,0,0,0,0
605060,64.39,9.99,1,957324039.6666666,0.0,7.41,64.39,60.05,60.1,58.54,1.0,10.71,67.23,67.23,74.0,64.39,0,0,1,1,0
605090,44.59,-1.59,0,1592267820.0,0.0,3.75,46.15,44.45,45.42,45.31,1.0,-2.09,49.59,49.59,55.08,49.84,0,0,0,0,0
605255,103.365,1.32,0,193581982.50000003,0.0,3.69,106.775,103.015,103.775,102.015,1.0,-3.19,123.92,122.91,218.0,112.22,0,0,0,0,0
605123,110.5,3.49,0,918832157.3333334,0.0,3.15,112.46,109.1,109.3,106.77,1.0,7.43,106.77,106.77,130.63,117.45,0,0,0,0,0
605111,41.149,1.63,0,1212290717.6999998,0.0,3.73,42.609,41.099,41.389,40.489,1.0,6.61,40.7,40.7,50.69,44.54,0,0,0,0,0
605168,46.8,0.99,0,763582531.0000001,0.0,4.25,47.45,45.48,46.78,46.34,1.0,18.84,49.01,49.01,49.01,50.97,1,0,0,0,0
603929,200.16,7.24,0,1552784351.9999998,0.0,9.73,205.48,187.32,190.23,186.65,1.0,6.77,214.0,198.24,214.0,205.32,0,0,0,0,0
605589,40.14,4.45,0,2181880906.6666665,0.0,4.89,40.55,38.67,39.05,38.43,1.0,7.33,40.75,40.75,40.75,42.27,0,0,0,0,0
605488,33.97,2.81,0,281041495.0,0.0,4.78,34.73,33.15,33.35,33.04,1.0,3.92,34.66,34.35,48.53,36.34,0,0,0,0,0
688003,70.953,-0.88,0,290390923.59866667,0.0,3.37,72.583,70.173,71.893,71.583,1.0,3.52,75.5,74.83,84.49,85.9,0,0,0,0,0
688006,33.024,4.07,0,598013826.5733334,0.0,5.67,33.784,31.984,32.024,31.734,1.0,10.14,32.63,32.63,34.85,38.08,0,0,0,0,0
605376,130.0,-1.2,0,2146175780.0,0.0,8.97,139.0,127.2,138.0,131.58,1.0,10.16,131.58,131.58,131.58,144.74,1,1,0,0,0
688005,38.17,9.59,0,2630687292.5066667,0.0,11.94,39.63,35.47,35.66,34.83,1.0,11.22,38.67,38.67,38.78,41.8,0,0,0,0,0
688017,226.81,1.2,0,1733475712.0166664,0.0,3.79,230.5,222.0,228.0,224.12,1.0,10.5,229.62,229.62,248.42,268.94,0,0,0,0,0
688028,121.87,4.46,0,1055026071.1766666,0.0,6.41,126.25,118.77,118.77,116.67,1.0,12.59,122.1,122.1,129.86,140.0,0,0,0,0,0
688019,199.5,3.86,0,1484823235.0016668,0.0,6.58,208.562,195.923,199.615,192.077,1.0,5.59,210.12,203.0,236.54,230.49,0,0,0,0,0
688012,257.013,1.86,0,6256866005.786666,0.0,8.25,276.423,255.604,268.222,252.316,1.0,18.55,254.13,254.13,266.41,302.78,0,0,0,0,0
688035,75.852,2.95,0,685237323.7546666,0.0,4.36,77.032,73.822,75.022,73.682,1.0,6.25,79.28,79.28,79.82,88.42,0,0,0,0,0
603993,19.194,4.69,0,5910269459.4,0.0,5.13,19.254,18.314,18.614,18.334,1.0,0.58,20.36,20.36,28.49,20.17,0,0,0,0,0
688039,43.42,3.06,0,100338902.53333335,0.0,3.09,44.18,42.88,42.88,42.13,1.0,6.16,44.62,44.62,70.0,50.56,0,0,0,0,0
688041,344.41,16.26,0,20965758272.433334,0.0,11.65,355.5,321.0,322.1,296.25,1.0,20.85,305.0,305.0,308.47,355.5,0,0,0,0,0
688047,180.91,8.83,0,4761069180.423333,0.0,10.59,194.7,177.1,177.5,166.23,1.0,17.58,167.88,167.88,203.05,199.48,0,0,0,0,0
688071,33.93,2.08,0,82217716.56,0.0,4.99,35.0,33.34,33.41,33.24,1.0,4.24,34.47,34.47,46.7,39.89,0,0,0,0,0
688048,372.01,5.68,0,6241809468.043334,0.0,13.01,390.0,344.2,355.0,352.03,1.0,-3.56,410.0,410.0,410.0,422.44,1,0,0,0,0
688079,15.1,1.96,0,227446886.20333335,0.0,4.93,15.76,15.03,15.06,14.81,1.0,-1.31,17.1,17.1,17.1,17.77,0,0,0,0,0
688072,463.831,4.31,0,3839103812.388,0.0,6.73,489.641,459.711,466.911,444.671,1.0,20.71,456.17,456.17,456.17,533.61,0,0,0,0,0
605358,43.32,5.5,0,2068106203.666667,0.0,7.72,44.69,41.52,42.29,41.06,1.0,13.14,41.47,41.47,46.96,45.17,0,0,0,0,0
688082,157.2,2.01,0,1021273766.7599999,0.0,4.94,163.5,155.88,157.22,154.11,1.0,-0.49,167.35,167.35,218.49,184.93,0,0,0,0,0
688037,233.0,0.38,0,3124104265.04,0.0,9.51,248.48,226.4,232.11,232.11,1.0,29.48,245.0,245.0,245.0,278.53,1,1,0,0,0
688106,33.832,-2.34,0,2499961845.764,0.0,6.21,35.552,33.402,35.252,34.642,1.0,-5.69,43.09,43.09,43.09,41.57,1,0,0,0,0
688110,153.0,6.42,0,6119355555.320001,0.0,8.6,156.88,144.51,145.67,143.77,1.0,29.28,145.3,145.3,156.99,172.52,1,0,0,0,0
688126,22.33,8.35,0,3020564268.92,0.0,10.53,23.25,21.08,21.41,20.61,1.0,7.36,21.89,21.89,25.0,24.73,1,0,0,0,0
688120,137.907,-2.09,0,1538982717.0240002,0.0,7.61,148.394,137.678,146.878,140.845,1.0,5.4,144.82,144.82,144.82,169.01,0,0,0,0,0
688116,43.36,1.14,0,700826431.21,0.0,3.38,43.63,42.18,43.21,42.87,1.0,4.71,43.63,43.63,60.5,51.44,0,0,0,0,0
688135,37.78,2.41,0,949008171.6266667,0.0,4.34,38.72,37.12,37.69,36.89,1.0,4.42,37.56,37.56,40.66,44.27,0,0,0,0,0
688138,31.58,2.07,0,265487143.23999998,0.0,3.1,32.32,31.36,31.38,30.94,1.0,6.4,31.54,31.54,33.3,37.13,0,0,0,0,0
688146,77.054,-3.87,0,2169770091.104,0.0,7.1,82.304,76.614,81.804,80.154,1.0,5.72,87.57,87.57,87.57,96.18,0,0,0,0,0
688147,78.37,-1.25,0,1131598164.2166665,0.0,7.76,84.07,77.91,83.01,79.36,1.0,22.26,80.81,80.81,98.0,95.23,0,0,0,0,0
688155,103.3,0.42,0,1207534248.3233333,0.0,8.74,107.04,98.05,107.04,102.87,1.0,21.8,102.87,102.87,102.87,123.44,1,1,0,0,0
688153,31.84,-0.47,0,249555836.58000004,0.0,3.69,32.98,31.8,32.35,31.99,1.0,-7.23,35.83,35.83,46.21,38.39,0,0,0,0,0
688160,110.0,2.69,0,248609065.36666667,0.0,3.69,111.4,107.45,107.45,107.12,1.0,5.28,112.5,110.7,171.7,128.54,0,0,0,0,0
688165,18.4,0.88,0,212537955.45333332,0.0,2.3,18.68,18.26,18.58,18.24,1.0,10.91,18.65,18.65,25.81,21.89,0,0,0,0,0
688170,60.48,0.03,0,518498330.06666666,0.0,3.29,61.98,59.99,61.66,60.46,1.0,6.27,65.51,65.51,65.51,72.55,1,0,0,0,0
688183,106.856,-1.97,0,3347465994.5946665,0.0,5.05,111.406,105.896,111.386,109.006,1.0,-2.53,122.0,122.0,122.0,130.81,1,0,0,0,0
688216,31.76,3.66,0,166173046.24,0.0,4.5,32.38,31.0,31.05,30.64,1.0,12.03,31.49,31.49,35.6,36.77,0,0,0,0,0
688102,42.4,1.56,0,1246395530.25,0.0,3.47,43.65,42.2,42.33,41.75,1.0,10.04,42.88,42.88,56.13,50.1,0,0,0,0,0
688218,38.44,13.06,0,351603561.28000003,0.0,15.35,39.31,34.09,34.09,34.0,1.0,25.99,34.85,34.85,34.85,40.8,1,0,0,0,0
688168,62.857,1.37,0,110347380.92666666,0.0,2.4,63.572,62.086,62.514,62.007,1.0,3.92,63.79,63.79,76.79,74.41,0,0,0,0,0
688225,16.36,3.22,0,73304645.78,0.0,3.91,16.54,15.92,15.93,15.85,1.0,-0.55,17.43,17.43,26.47,19.02,0,0,0,0,0
688219,11.5,2.13,0,113755445.84,0.0,3.2,11.61,11.25,11.26,11.26,1.0,5.41,11.41,11.41,13.97,13.51,0,0,0,0,0
688227,138.0,-3.87,0,1566973066.4566667,0.0,9.31,146.0,132.63,146.0,143.55,1.0,14.24,147.0,147.0,147.0,172.26,1,0,0,0,0
688233,81.226,14.25,0,1265883284.316,0.0,14.07,83.696,73.696,73.696,71.096,1.0,-1.58,84.9,84.9,108.79,85.32,0,0,0,0,0
688249,33.31,-1.45,0,2417225779.36,0.0,5.71,34.99,33.06,34.0,33.8,1.0,12.34,34.04,34.04,40.09,40.56,0,0,0,0,0
688239,69.23,1.1,0,722542260.0,0.0,4.25,70.46,67.55,67.89,68.48,1.0,13.12,69.31,69.31,81.41,82.18,1,1,0,0,0
688200,233.719,-0.72,0,829733307.9876667,0.0,9.27,251.886,230.056,240.133,235.409,1.0,12.49,244.4,244.4,244.4,282.49,0,0,0,0,0
688256,1223.826,7.36,0,24592856398.658333,0.0,11.48,1318.456,1187.577,1196.832,1139.906,1.0,34.97,1139.91,1139.91,1139.91,1367.89,1,1,0,0,0
688231,39.25,2.0,0,204789606.33333334,0.0,5.48,40.33,38.22,38.77,38.48,1.0,13.67,38.79,38.79,39.7,46.18,0,0,0,0,0
688262,40.67,4.36,0,989415357.5000001,0.0,6.85,41.99,39.32,40.0,38.97,1.0,14.4,39.16,39.16,46.49,46.76,0,0,0,0,0
688260,37.06,3.52,0,285566903.0,0.0,9.05,39.14,35.9,35.9,35.8,1.0,20.25,36.48,36.48,51.3,42.96,0,0,0,0,0
688268,193.6,2.81,0,2186537391.733333,0.0,9.56,195.0,177.0,191.0,188.3,1.0,9.5,213.07,213.07,213.07,225.96,1,0,0,0,0
688299,18.78,5.09,0,284112988.53000003,0.0,6.32,19.21,18.08,18.28,17.87,1.0,11.12,18.4,18.14,21.45,21.44,0,0,0,0,0
688300,90.69,4.33,0,721423383.73,0.0,3.84,92.44,89.1,89.1,86.93,1.0,4.84,97.27,96.99,103.18,104.32,0,0,0,0,0
688255,30.615,1.39,0,80698015.67,0.0,2.58,30.935,30.155,30.355,30.195,1.0,3.69,30.77,30.77,40.35,36.23,0,0,0,0,0
688286,67.15,1.93,0,231087391.17000005,0.0,3.58,69.04,66.68,67.0,65.88,1.0,-4.06,73.79,73.79,89.99,79.06,0,0,0,0,0
688312,77.952,12.13,0,929134623.912,0.0,17.25,81.452,69.462,71.452,69.522,1.0,14.3,73.23,73.23,73.23,83.43,0,0,0,0,0
688275,160.18,3.5,0,1925780479.36,0.0,8.88,162.14,148.4,154.77,154.77,1.0,11.08,180.0,180.0,180.0,185.72,1,0,0,0,0
688311,35.48,3.17,0,214344515.3033333,0.0,4.68,36.23,34.62,34.62,34.39,1.0,-5.56,40.9,40.9,60.6,41.27,0,0,0,0,0
688320,34.47,2.19,0,147256916.47333333,0.0,4.45,35.0,33.5,33.81,33.73,1.0,12.06,34.07,34.07,39.93,40.48,0,0,0,0,0
688313,150.93,14.76,0,7530941062.11,0.0,14.9,155.3,135.7,135.7,131.52,1.0,5.4,151.8,151.8,151.8,157.82,1,0,0,0,0
688322,81.42,2.31,0,758208852.44,0.0,5.73,84.16,79.6,80.01,79.58,1.0,5.49,86.22,86.22,108.88,95.5,0,0,0,0,0
688327,14.21,3.12,0,567621491.1866667,0.0,2.39,14.32,13.99,14.0,13.78,1.0,5.65,14.03,14.03,19.17,16.54,0,0,0,0,0
688332,76.149,1.08,0,221820304.42000002,0.0,3.21,78.338,75.919,76.324,75.338,1.0,-8.97,87.22,86.76,106.47,90.41,0,0,0,0,0
688330,40.5,0.25,0,136623477.3333333,0.0,2.72,40.76,39.66,40.4,40.4,1.0,-13.46,53.46,53.46,59.75,48.48,0,0,0,0,0
688333,89.81,2.55,0,1179136607.5066667,0.0,4.6,92.73,88.7,88.97,87.58,1.0,8.97,100.18,96.88,140.27,105.1,0,0,0,0,0
688352,13.05,1.01,0,212013735.16666666,0.0,3.17,13.43,13.02,13.27,12.92,1.0,3.24,13.15,13.15,17.02,15.5,0,0,0,0,0
688353,113.3,3.05,0,1000329863.1666666,0.0,5.78,114.35,108.0,109.95,109.95,1.0,-5.52,140.0,129.99,155.0,131.94,0,0,0,0,0
688347,152.0,7.8,0,5789283401.849999,0.0,9.68,158.65,145.0,145.01,141.0,1.0,9.51,144.54,144.54,166.5,169.2,1,0,0,0,0
688361,192.41,-2.13,0,1802897227.87,0.0,8.24,208.55,192.35,197.0,196.6,1.0,14.79,198.88,198.88,220.88,235.92,1,0,0,0,0
688362,48.81,-0.81,0,1090404288.6966667,0.0,6.71,52.0,48.7,51.0,49.21,1.0,4.32,50.34,50.34,54.36,59.05,0,0,0,0,0
688372,155.45,2.68,0,1785592804.41,0.0,6.04,160.14,151.0,156.0,151.39,1.0,8.12,159.82,159.82,159.82,181.67,0,0,0,0,0
688383,97.57,-3.59,0,263586553.1,0.0,6.92,104.0,97.0,103.48,101.2,1.0,-2.61,109.0,109.0,109.0,121.44,0,0,0,0,0
688375,125.6,2.52,0,925186182.82,0.0,5.08,127.22,121.0,123.67,122.51,1.0,-0.17,147.87,147.87,178.17,147.01,0,0,0,0,0
688376,71.7,2.17,0,208628000.23333332,0.0,4.27,73.1,70.1,72.0,70.18,1.0,1.79,76.9,76.9,82.68,84.22,0,0,0,0,0
688388,36.062,4.17,0,1974007424.4899998,0.0,6.3,37.105,34.923,35.082,34.619,1.0,13.5,36.22,36.22,36.22,41.54,0,0,0,0,0
688387,20.38,4.09,0,2460834363.8799996,0.0,9.5,20.96,19.1,19.34,19.58,1.0,19.88,19.79,19.79,22.16,23.5,0,0,0,0,0
688392,139.365,-0.17,0,374779514.475,0.0,5.72,145.805,137.815,143.015,139.605,1.0,-1.27,152.71,152.71,159.81,167.53,0,0,0,0,0
688306,9.352,0.86,0,103417891.48266667,0.0,2.48,9.532,9.302,9.352,9.272,1.0,-0.32,9.65,9.65,12.4,11.13,0,0,0,0,0
688396,56.71,0.11,0,2519713009.6800003,0.0,5.38,59.45,56.4,58.0,56.65,1.0,3.62,57.0,57.0,70.9,67.98,0,0,0,0,0
688401,65.022,0.22,0,712608912.704,0.0,6.09,68.862,64.912,66.102,64.882,1.0,0.65,69.62,69.62,69.62,77.86,1,0,0,0,0
688400,62.19,4.84,0,2551779532.46,0.0,6.74,64.8,60.8,63.01,59.32,1.0,33.25,59.32,59.32,59.32,71.18,1,1,0,0,0
688418,48.67,3.49,0,542070772.5600001,0.0,6.83,50.51,47.3,47.3,47.03,1.0,8.28,51.8,51.8,68.65,56.44,1,1,0,0,0
688411,266.27,4.13,0,2066964631.6799996,0.0,4.3,267.4,256.41,260.41,255.71,1.0,18.09,263.41,263.41,424.42,306.85,0,0,0,0,0
688403,17.22,1.53,0,1440931078.1533332,0.0,5.54,18.09,17.15,17.3,16.96,1.0,7.42,17.92,17.92,23.84,20.35,0,0,0,0,0
688419,42.102,0.96,0,96960961.39733332,0.0,4.15,43.742,42.012,42.882,41.702,1.0,-9.34,52.58,50.07,54.4,50.04,0,0,0,0,0
688472,14.58,1.04,0,1311106307.2,0.0,3.33,14.78,14.3,14.48,14.43,1.0,11.47,14.55,14.55,24.28,17.32,0,0,0,0,0
688503,110.087,7.34,0,1716456568.8723333,0.0,9.33,111.087,101.517,102.587,102.557,1.0,18.01,105.59,105.59,106.89,123.07,0,0,0,0,0
688499,55.46,2.49,0,386159580.17,0.0,3.31,55.8,54.01,54.61,54.11,1.0,2.68,57.1,57.1,71.85,64.93,0,0,0,0,0
688510,33.5,1.27,0,252592774.20000002,0.0,5.14,34.8,33.1,33.1,33.08,1.0,1.73,35.66,35.66,50.27,39.7,0,0,0,0,0
688498,1056.408,-2.55,0,4252845430.441334,0.0,6.81,1112.317,1038.487,1096.44,1084.014,1.0,9.75,1111.15,1111.15,1111.15,1300.82,1,0,0,0,0
688507,94.248,2.99,0,194959283.87866664,0.0,4.86,96.658,92.208,92.208,91.508,1.0,2.32,98.3,98.3,132.86,109.81,0,0,0,0,0
688518,28.33,-0.63,0,598176811.21,0.0,4.35,29.41,28.17,29.15,28.51,1.0,2.79,31.94,31.94,33.48,34.21,0,0,0,0,0
688519,187.689,7.94,0,1641611246.1713333,0.0,13.99,199.399,175.069,176.309,173.879,1.0,16.9,185.66,185.66,185.66,208.65,0,0,0,0,0
688521,278.6,-0.81,0,13559184951.039999,0.0,6.68,296.96,278.2,292.0,280.88,1.0,21.81,280.88,280.88,288.0,337.06,1,1,0,0,0
688516,83.55,3.28,0,1564188133.9333334,0.0,7.97,85.75,79.3,81.96,80.9,1.0,10.18,84.97,81.85,126.7,97.08,0,0,0,0,0
688523,67.28,2.7,0,696066943.6500001,0.0,9.42,71.17,65.0,66.0,65.51,1.0,2.19,76.98,76.98,94.7,78.61,0,0,0,0,0
688530,55.49,4.3,0,1117279956.66,0.0,11.84,58.32,52.02,54.26,53.2,1.0,44.13,56.34,56.34,56.34,63.84,1,0,0,0,0
688535,95.77,8.18,0,931108352.4133333,0.0,6.83,99.25,93.2,93.2,88.53,1.0,16.95,90.11,90.11,97.62,106.24,0,0,0,0,0
688539,38.05,1.85,0,142614386.06666666,0.0,3.45,38.97,37.68,37.94,37.36,1.0,-5.56,44.8,44.8,58.81,44.83,1,0,0,0,0
688549,12.35,0.49,0,1254944159.2733333,0.0,8.3,13.33,12.31,12.77,12.29,1.0,24.87,12.65,12.65,12.65,14.75,1,1,0,0,0
688545,54.86,0.49,0,636089520.8800001,0.0,6.89,58.16,54.4,55.7,54.59,1.0,7.02,55.4,55.4,63.34,65.51,0,0,0,0,0
688559,61.44,4.83,0,700584410.52,0.0,5.26,62.35,59.27,59.86,58.61,1.0,5.71,62.99,62.99,68.99,70.33,0,0,0,0,0
688560,17.51,3.79,0,162091795.6,0.0,5.28,17.73,16.84,16.91,16.87,1.0,7.75,17.85,17.85,23.93,20.24,1,0,0,0,0
688568,59.69,5.37,0,1223720680.0,0.0,10.22,61.91,56.12,57.0,56.65,1.0,-1.09,66.38,66.38,99.95,67.98,0,0,0,0,0
688567,14.38,3.3,0,300918969.96000004,0.0,3.45,14.47,13.99,14.07,13.92,1.0,4.89,14.46,14.46,19.17,16.7,0,0,0,0,0
688577,53.436,0.74,0,157620835.989,0.0,6.11,55.857,52.614,54.164,53.043,1.0,9.66,53.04,53.04,87.41,63.65,0,0,0,0,0
688582,52.65,3.11,0,440170085.8333334,0.0,5.19,54.25,51.6,51.61,51.062,1.0,-14.93,64.71,64.71,80.43,61.27,0,0,0,0,0
688598,25.02,0.93,0,139504105.33333334,0.0,2.18,25.19,24.65,24.78,24.79,1.0,6.83,25.76,25.76,33.6,29.75,0,0,0,0,0
688590,15.34,3.16,0,170697882.39999998,0.0,4.44,15.56,14.9,14.99,14.87,1.0,7.5,15.42,15.1,27.11,17.84,0,0,0,0,0
688550,40.06,3.11,0,147767368.6666667,0.0,5.12,41.09,39.1,39.1,38.85,1.0,-0.02,42.4,42.4,52.1,46.62,0,0,0,0,0
688602,8.12,1.75,0,49732296.109999985,0.0,1.88,8.15,8.0,8.0,7.98,1.0,4.91,8.4,8.35,12.99,9.58,0,0,0,0,0
688599,17.94,3.34,0,1279987095.5733333,0.0,3.46,18.05,17.45,17.6,17.36,1.0,10.88,17.88,17.88,24.26,20.83,0,0,0,0,0
688605,67.07,0.75,0,341361155.45,0.0,3.21,68.86,66.72,67.4,66.57,1.0,3.73,69.06,69.06,75.56,79.88,0,0,0,0,0
688603,99.3,6.52,0,669595812.6866667,0.0,6.57,100.3,94.18,94.38,93.22,1.0,11.17,101.89,101.89,105.3,111.86,0,0,0,0,0
688610,122.17,-2.03,0,259926580.4666667,0.0,4.71,126.87,121.0,125.11,124.7,1.0,5.68,128.9,128.9,128.9,149.64,0,0,0,0,0
688661,116.38,-4.14,0,1031760452.44,0.0,9.19,126.88,115.72,124.92,121.4,1.0,6.36,128.0,128.0,128.0,145.68,1,0,0,0,0
688660,12.45,1.72,0,246572945.89999998,0.0,4.08,12.6,12.1,12.16,12.24,1.0,2.89,13.44,13.08,20.79,14.69,0,0,0,0,0
688665,50.04,3.05,0,65264008.32000001,0.0,4.04,50.52,48.56,48.56,48.56,1.0,6.42,48.88,48.88,55.49,58.27,0,0,0,0,0
688619,16.57,3.43,0,95517784.83333334,0.0,5.12,16.85,16.03,16.03,16.02,1.0,1.16,16.98,16.98,16.98,19.22,0,0,0,0,0
688676,90.381,3.39,0,1244512654.2450001,0.0,4.31,92.001,88.231,88.231,87.421,1.0,-1.81,97.09,97.09,106.92,104.91,0,0,0,0,0
688685,50.79,4.36,0,318340216.84000003,0.0,4.75,50.98,48.67,48.93,48.67,1.0,12.44,49.49,49.49,65.78,58.4,0,0,0,0,0
688686,108.605,-0.16,0,257181754.215,0.0,3.77,112.065,107.965,109.465,108.775,1.0,4.92,112.77,112.77,137.84,130.53,0,0,0,0,0
688573,23.02,5.07,0,121767107.81333335,0.0,6.21,23.45,22.09,22.28,21.91,1.0,7.12,23.29,22.75,28.82,26.29,0,0,0,0,0
688630,267.0,3.59,0,1569332824.4133334,0.0,5.89,274.96,259.78,263.0,257.75,1.0,5.6,275.85,275.85,275.85,309.3,0,0,0,0,0
688698,70.351,3.62,0,445441578.552,0.0,6.3,71.531,67.251,67.651,67.891,1.0,7.29,72.83,70.53,113.23,81.47,0,0,0,0,0
688682,48.29,0.92,0,97585896.24333332,0.0,3.51,49.69,48.01,48.66,47.85,1.0,4.8,50.95,50.95,73.0,57.42,0,0,0,0,0
688691,124.06,1.03,0,2642722686.933334,0.0,10.67,133.0,119.9,125.48,122.8,1.0,20.14,125.0,125.0,168.58,147.36,1,1,0,0,0
688718,18.47,8.52,0,170482878.87999997,0.0,10.99,19.18,17.31,18.0,17.02,1.0,13.45,17.1,17.1,17.35,20.42,0,0,0,0,0
688729,24.1,2.08,0,310949224.65,0.0,3.35,24.77,23.98,23.99,23.61,1.0,4.46,24.21,24.21,29.0,28.33,0,0,0,0,0
688733,31.501,5.7,0,324555975.6893333,0.0,5.77,31.781,30.061,30.061,29.801,1.0,9.45,31.2,30.98,37.17,35.76,0,0,0,0,0
688707,17.81,7.81,0,741354565.9833333,0.0,11.26,18.36,16.5,16.5,16.52,1.0,6.39,18.7,18.7,18.7,19.82,1,0,0,0,0
688720,57.914,0.6,0,303192323.16899997,0.0,6.08,60.986,57.483,60.353,57.569,1.0,4.56,59.13,59.13,65.6,69.08,0,0,0,0,0
688700,63.3,3.6,0,973384359.0899999,0.0,5.55,64.49,61.1,62.5,61.1,1.0,2.23,67.4,67.4,67.4,73.32,0,0,0,0,0
688778,84.98,2.94,0,775911691.3999999,0.0,6.06,86.8,81.8,83.5,82.55,1.0,3.63,87.6,87.6,102.58,99.06,0,0,0,0,0
688776,82.62,2.05,0,203051997.8333333,0.0,4.15,84.32,80.96,81.47,80.96,1.0,3.53,88.24,86.4,150.0,97.15,0,0,0,0,0
300460,9.67,2.98,0,68279841.00000001,0.0,5.11,9.79,9.31,9.39,9.39,1.0,-1.33,10.36,10.36,11.66,11.27,0,0,0,0,0
688981,123.1,3.68,0,16073836420.320002,0.0,5.37,128.12,121.74,122.0,118.73,1.0,10.94,119.88,119.88,134.68,142.48,0,0,0,0,0
603843,9.42,5.02,0,199328812.66666666,0.0,2.12,9.42,9.23,9.42,8.97,1.0,16.58,9.74,8.97,9.74,9.87,0,0,0,0,0
302132,67.824,1.68,0,588534198.5999999,0.0,1.9,68.114,66.844,66.904,66.704,1.0,1.48,70.55,70.0,89.14,80.04,0,0,0,0,0
688022,13.08,-20.0,0,15061803.12,0.0,0.0,13.08,13.08,13.08,16.35,1.0,-19.21,17.35,17.13,18.0,19.62,0,0,0,0,0
688779,11.139,3.53,0,785824323.404,0.0,5.48,11.189,10.599,10.879,10.759,1.0,-0.62,11.5,11.5,12.74,12.91,0,0,0,0,0
600889,15.19,-1.3,0,63222540.99999999,0.0,3.12,15.63,15.15,15.33,15.39,1.0,-3.56,16.5,16.5,18.84,16.93,0,0,0,0,0
300366,5.66,0.89,0,53234268.00000001,0.0,1.78,5.68,5.58,5.61,5.61,1.0,9.9,5.76,5.76,8.2,6.73,0,0,0,0,0
688066,12.55,-20.01,0,596285748.24,0.0,10.26,14.16,12.55,12.6,15.69,1.0,-30.04,21.33,20.38,49.8,18.83,0,0,0,0,0
002199,11.09,5.02,0,133794905.0,0.0,7.2,11.09,10.33,10.71,10.56,1.0,13.74,10.74,10.74,10.74,11.62,0,0,0,0,0
